{"tourTitle":"TempTour" , "tracks": [{"name": "Track0", "providerId": "image", "assetUrl": "minionBananas.png", "keyframes": [{"dispNum": "1", "time": "9", "opacity": "0", "size": {"x":"100", "y" : "100"},"pos": {"x":"100", "y":"100"}, "data": {}}, {"dispNum": "1", "time": "19", "opacity": "1", "size": {"x":"100", "y" : "100"},"pos": {"x":"100", "y":"100"}, "data": {}}, {"dispNum": "1", "time": "23", "opacity": "1", "size": {"x":"36", "y" : "32"},"pos": {"x":"84", "y":"22"}, "data": {}}, {"dispNum": "1", "time": "28", "opacity": "1", "size": {"x":"36", "y" : "32"},"pos": {"x":"84", "y":"22"}, "data": {}}, {"dispNum": "1", "time": "30", "opacity": "0", "size": {"x":"36", "y" : "32"},"pos": {"x":"84", "y":"22"}, "data": {}}]}, {"name": "Track1", "providerId": "image", "assetUrl": "minionHole.png", "keyframes": [{"dispNum": "1", "time": "10", "opacity": "0", "size": {"x":"100", "y" : "100"},"pos": {"x":"100", "y":"100"}, "data": {}}, {"dispNum": "1", "time": "18", "opacity": "1", "size": {"x":"100", "y" : "100"},"pos": {"x":"100", "y":"100"}, "data": {}}, {"dispNum": "1", "time": "27", "opacity": "1", "size": {"x":"75", "y" : "54"},"pos": {"x":"-97", "y":"-75"}, "data": {}}, {"dispNum": "1", "time": "28", "opacity": "1", "size": {"x":"75", "y" : "54"},"pos": {"x":"-97", "y":"-75"}, "data": {}}, {"dispNum": "1", "time": "29", "opacity": "0", "size": {"x":"75", "y" : "54"},"pos": {"x":"-97", "y":"-75"}, "data": {}}]}, {"name": "Track2", "providerId": "image", "assetUrl": "minionMoreBananas.png", "keyframes": [{"dispNum": "1", "time": "22", "opacity": "0", "size": {"x":"100", "y" : "100"},"pos": {"x":"100", "y":"100"}, "data": {}}, {"dispNum": "1", "time": "23", "opacity": "1", "size": {"x":"100", "y" : "100"},"pos": {"x":"100", "y":"100"}, "data": {}}, {"dispNum": "1", "time": "24", "opacity": "1", "size": {"x":"85", "y" : "92"},"pos": {"x":"-1", "y":"-78"}, "data": {}}, {"dispNum": "1", "time": "25", "opacity": "1", "size": {"x":"85", "y" : "92"},"pos": {"x":"-1", "y":"-78"}, "data": {}}, {"dispNum": "1", "time": "26", "opacity": "0", "size": {"x":"85", "y" : "92"},"pos": {"x":"-1", "y":"-78"}, "data": {}}]}, {"name": "Track3", "providerId": "image", "assetUrl": "minionThinking.png", "keyframes": [{"dispNum": "1", "time": "0", "opacity": "0", "size": {"x":"100", "y" : "100"},"pos": {"x":"100", "y":"100"}, "data": {}}, {"dispNum": "1", "time": "2", "opacity": "1", "size": {"x":"100", "y" : "100"},"pos": {"x":"100", "y":"100"}, "data": {}}, {"dispNum": "1", "time": "4", "opacity": "1", "size": {"x":"100", "y" : "100"},"pos": {"x":"100", "y":"100"}, "data": {}}, {"dispNum": "1", "time": "5", "opacity": "0", "size": {"x":"100", "y" : "100"},"pos": {"x":"100", "y":"100"}, "data": {}}, {"dispNum": "2", "time": "19", "opacity": "0", "size": {"x":"100", "y" : "100"},"pos": {"x":"100", "y":"100"}, "data": {}}, {"dispNum": "2", "time": "21", "opacity": "1", "size": {"x":"100", "y" : "100"},"pos": {"x":"100", "y":"100"}, "data": {}}, {"dispNum": "2", "time": "23", "opacity": "1", "size": {"x":"100", "y" : "100"},"pos": {"x":"100", "y":"100"}, "data": {}}, {"dispNum": "2", "time": "24", "opacity": "0", "size": {"x":"100", "y" : "100"},"pos": {"x":"100", "y":"100"}, "data": {}}, {"dispNum": "3", "time": "27", "opacity": "0", "size": {"x":"100", "y" : "100"},"pos": {"x":"100", "y":"100"}, "data": {}}, {"dispNum": "3", "time": "28", "opacity": "1", "size": {"x":"100", "y" : "100"},"pos": {"x":"100", "y":"100"}, "data": {}}, {"dispNum": "3", "time": "29", "opacity": "1", "size": {"x":"100", "y" : "100"},"pos": {"x":"100", "y":"100"}, "data": {}}, {"dispNum": "3", "time": "30", "opacity": "0", "size": {"x":"100", "y" : "100"},"pos": {"x":"100", "y":"100"}, "data": {}}]}, {"name": "Track4", "providerId": "image", "assetUrl": "minionWriting.png", "keyframes": [{"dispNum": "1", "time": "2", "opacity": "0", "size": {"x":"100", "y" : "100"},"pos": {"x":"100", "y":"100"}, "data": {}}, {"dispNum": "1", "time": "3", "opacity": "1", "size": {"x":"100", "y" : "100"},"pos": {"x":"100", "y":"100"}, "data": {}}, {"dispNum": "1", "time": "10", "opacity": "1", "size": {"x":"63", "y" : "71"},"pos": {"x":"21", "y":"-70"}, "data": {}}, {"dispNum": "1", "time": "11", "opacity": "1", "size": {"x":"69", "y" : "47"},"pos": {"x":"56", "y":"37"}, "data": {}}, {"dispNum": "1", "time": "12", "opacity": "1", "size": {"x":"69", "y" : "47"},"pos": {"x":"56", "y":"37"}, "data": {}}, {"dispNum": "1", "time": "14", "opacity": "0", "size": {"x":"69", "y" : "47"},"pos": {"x":"56", "y":"37"}, "data": {}}, {"dispNum": "2", "time": "23", "opacity": "0", "size": {"x":"100", "y" : "100"},"pos": {"x":"100", "y":"100"}, "data": {}}, {"dispNum": "2", "time": "27", "opacity": "1", "size": {"x":"100", "y" : "100"},"pos": {"x":"100", "y":"100"}, "data": {}}, {"dispNum": "2", "time": "29", "opacity": "1", "size": {"x":"100", "y" : "100"},"pos": {"x":"100", "y":"100"}, "data": {}}, {"dispNum": "2", "time": "30", "opacity": "0", "size": {"x":"100", "y" : "100"},"pos": {"x":"100", "y":"100"}, "data": {}}]}, {"name": "Track5", "providerId": "image", "assetUrl": "minionBananas.png", "keyframes": [{"dispNum": "1", "time": "11", "opacity": "0", "size": {"x":"100", "y" : "100"},"pos": {"x":"100", "y":"100"}, "data": {}}, {"dispNum": "1", "time": "20", "opacity": "1", "size": {"x":"100", "y" : "100"},"pos": {"x":"100", "y":"100"}, "data": {}}, {"dispNum": "1", "time": "23", "opacity": "1", "size": {"x":"100", "y" : "100"},"pos": {"x":"100", "y":"100"}, "data": {}}, {"dispNum": "1", "time": "24", "opacity": "0", "size": {"x":"100", "y" : "100"},"pos": {"x":"100", "y":"100"}, "data": {}}, {"dispNum": "2", "time": "26", "opacity": "0", "size": {"x":"100", "y" : "100"},"pos": {"x":"100", "y":"100"}, "data": {}}, {"dispNum": "2", "time": "27", "opacity": "1", "size": {"x":"100", "y" : "100"},"pos": {"x":"100", "y":"100"}, "data": {}}, {"dispNum": "2", "time": "28", "opacity": "1", "size": {"x":"100", "y" : "100"},"pos": {"x":"100", "y":"100"}, "data": {}}, {"dispNum": "2", "time": "30", "opacity": "0", "size": {"x":"100", "y" : "100"},"pos": {"x":"100", "y":"100"}, "data": {}}]}, {"name": "Track6", "providerId": "image", "assetUrl": "minionHole.png", "keyframes": [{"dispNum": "1", "time": "10", "opacity": "0", "size": {"x":"100", "y" : "100"},"pos": {"x":"100", "y":"100"}, "data": {}}, {"dispNum": "1", "time": "14", "opacity": "1", "size": {"x":"100", "y" : "100"},"pos": {"x":"100", "y":"100"}, "data": {}}, {"dispNum": "1", "time": "24", "opacity": "1", "size": {"x":"41", "y" : "73"},"pos": {"x":"-96", "y":"15"}, "data": {}}, {"dispNum": "1", "time": "26", "opacity": "1", "size": {"x":"41", "y" : "73"},"pos": {"x":"-96", "y":"15"}, "data": {}}, {"dispNum": "1", "time": "29", "opacity": "0", "size": {"x":"41", "y" : "73"},"pos": {"x":"-96", "y":"15"}, "data": {}}]}, {"name": "Track7", "providerId": "image", "assetUrl": "minionMoreBananas.png", "keyframes": [{"dispNum": "1", "time": "5", "opacity": "0", "size": {"x":"100", "y" : "100"},"pos": {"x":"100", "y":"100"}, "data": {}}, {"dispNum": "1", "time": "9", "opacity": "1", "size": {"x":"100", "y" : "100"},"pos": {"x":"100", "y":"100"}, "data": {}}, {"dispNum": "1", "time": "18", "opacity": "1", "size": {"x":"65", "y" : "96"},"pos": {"x":"8", "y":"43"}, "data": {}}, {"dispNum": "1", "time": "20", "opacity": "1", "size": {"x":"45", "y" : "44"},"pos": {"x":"96", "y":"-80"}, "data": {}}, {"dispNum": "1", "time": "21", "opacity": "1", "size": {"x":"45", "y" : "44"},"pos": {"x":"96", "y":"-80"}, "data": {}}, {"dispNum": "1", "time": "23", "opacity": "0", "size": {"x":"45", "y" : "44"},"pos": {"x":"96", "y":"-80"}, "data": {}}, {"dispNum": "2", "time": "24", "opacity": "0", "size": {"x":"100", "y" : "100"},"pos": {"x":"100", "y":"100"}, "data": {}}, {"dispNum": "2", "time": "25", "opacity": "1", "size": {"x":"100", "y" : "100"},"pos": {"x":"100", "y":"100"}, "data": {}}, {"dispNum": "2", "time": "26", "opacity": "1", "size": {"x":"100", "y" : "100"},"pos": {"x":"100", "y":"100"}, "data": {}}, {"dispNum": "2", "time": "27", "opacity": "0", "size": {"x":"100", "y" : "100"},"pos": {"x":"100", "y":"100"}, "data": {}}]}, {"name": "Track8", "providerId": "image", "assetUrl": "minionThinking.png", "keyframes": [{"dispNum": "1", "time": "26", "opacity": "0", "size": {"x":"100", "y" : "100"},"pos": {"x":"100", "y":"100"}, "data": {}}, {"dispNum": "1", "time": "28", "opacity": "1", "size": {"x":"100", "y" : "100"},"pos": {"x":"100", "y":"100"}, "data": {}}, {"dispNum": "1", "time": "29", "opacity": "1", "size": {"x":"100", "y" : "100"},"pos": {"x":"100", "y":"100"}, "data": {}}, {"dispNum": "1", "time": "30", "opacity": "0", "size": {"x":"100", "y" : "100"},"pos": {"x":"100", "y":"100"}, "data": {}}]}, {"name": "Track9", "providerId": "image", "assetUrl": "minionWriting.png", "keyframes": [{"dispNum": "1", "time": "13", "opacity": "0", "size": {"x":"100", "y" : "100"},"pos": {"x":"100", "y":"100"}, "data": {}}, {"dispNum": "1", "time": "15", "opacity": "1", "size": {"x":"100", "y" : "100"},"pos": {"x":"100", "y":"100"}, "data": {}}, {"dispNum": "1", "time": "26", "opacity": "1", "size": {"x":"54", "y" : "68"},"pos": {"x":"-48", "y":"11"}, "data": {}}, {"dispNum": "1", "time": "28", "opacity": "1", "size": {"x":"37", "y" : "65"},"pos": {"x":"-98", "y":"-26"}, "data": {}}, {"dispNum": "1", "time": "29", "opacity": "1", "size": {"x":"37", "y" : "65"},"pos": {"x":"-98", "y":"-26"}, "data": {}}, {"dispNum": "1", "time": "30", "opacity": "0", "size": {"x":"37", "y" : "65"},"pos": {"x":"-98", "y":"-26"}, "data": {}}]}, {"name": "Track10", "providerId": "image", "assetUrl": "minionBananas.png", "keyframes": [{"dispNum": "1", "time": "6", "opacity": "0", "size": {"x":"100", "y" : "100"},"pos": {"x":"100", "y":"100"}, "data": {}}, {"dispNum": "1", "time": "7", "opacity": "1", "size": {"x":"100", "y" : "100"},"pos": {"x":"100", "y":"100"}, "data": {}}, {"dispNum": "1", "time": "13", "opacity": "1", "size": {"x":"62", "y" : "32"},"pos": {"x":"-83", "y":"61"}, "data": {}}, {"dispNum": "1", "time": "16", "opacity": "1", "size": {"x":"44", "y" : "64"},"pos": {"x":"85", "y":"21"}, "data": {}}, {"dispNum": "1", "time": "20", "opacity": "1", "size": {"x":"44", "y" : "64"},"pos": {"x":"85", "y":"21"}, "data": {}}, {"dispNum": "1", "time": "21", "opacity": "0", "size": {"x":"44", "y" : "64"},"pos": {"x":"85", "y":"21"}, "data": {}}, {"dispNum": "2", "time": "25", "opacity": "0", "size": {"x":"100", "y" : "100"},"pos": {"x":"100", "y":"100"}, "data": {}}, {"dispNum": "2", "time": "28", "opacity": "1", "size": {"x":"100", "y" : "100"},"pos": {"x":"100", "y":"100"}, "data": {}}, {"dispNum": "2", "time": "29", "opacity": "1", "size": {"x":"100", "y" : "100"},"pos": {"x":"100", "y":"100"}, "data": {}}, {"dispNum": "2", "time": "30", "opacity": "0", "size": {"x":"100", "y" : "100"},"pos": {"x":"100", "y":"100"}, "data": {}}]}, {"name": "Track11", "providerId": "image", "assetUrl": "minionHole.png", "keyframes": [{"dispNum": "1", "time": "24", "opacity": "0", "size": {"x":"100", "y" : "100"},"pos": {"x":"100", "y":"100"}, "data": {}}, {"dispNum": "1", "time": "25", "opacity": "1", "size": {"x":"100", "y" : "100"},"pos": {"x":"100", "y":"100"}, "data": {}}, {"dispNum": "1", "time": "26", "opacity": "1", "size": {"x":"100", "y" : "100"},"pos": {"x":"100", "y":"100"}, "data": {}}, {"dispNum": "1", "time": "27", "opacity": "0", "size": {"x":"100", "y" : "100"},"pos": {"x":"100", "y":"100"}, "data": {}}]}, {"name": "Track12", "providerId": "image", "assetUrl": "minionMoreBananas.png", "keyframes": [{"dispNum": "1", "time": "1", "opacity": "0", "size": {"x":"100", "y" : "100"},"pos": {"x":"100", "y":"100"}, "data": {}}, {"dispNum": "1", "time": "14", "opacity": "1", "size": {"x":"100", "y" : "100"},"pos": {"x":"100", "y":"100"}, "data": {}}, {"dispNum": "1", "time": "17", "opacity": "1", "size": {"x":"99", "y" : "47"},"pos": {"x":"-49", "y":"86"}, "data": {}}, {"dispNum": "1", "time": "23", "opacity": "1", "size": {"x":"99", "y" : "47"},"pos": {"x":"-49", "y":"86"}, "data": {}}, {"dispNum": "1", "time": "24", "opacity": "0", "size": {"x":"99", "y" : "47"},"pos": {"x":"-49", "y":"86"}, "data": {}}, {"dispNum": "2", "time": "26", "opacity": "0", "size": {"x":"100", "y" : "100"},"pos": {"x":"100", "y":"100"}, "data": {}}, {"dispNum": "2", "time": "27", "opacity": "1", "size": {"x":"100", "y" : "100"},"pos": {"x":"100", "y":"100"}, "data": {}}, {"dispNum": "2", "time": "28", "opacity": "1", "size": {"x":"100", "y" : "100"},"pos": {"x":"100", "y":"100"}, "data": {}}, {"dispNum": "2", "time": "29", "opacity": "0", "size": {"x":"100", "y" : "100"},"pos": {"x":"100", "y":"100"}, "data": {}}]}, {"name": "Track13", "providerId": "image", "assetUrl": "minionThinking.png", "keyframes": [{"dispNum": "1", "time": "16", "opacity": "0", "size": {"x":"100", "y" : "100"},"pos": {"x":"100", "y":"100"}, "data": {}}, {"dispNum": "1", "time": "17", "opacity": "1", "size": {"x":"100", "y" : "100"},"pos": {"x":"100", "y":"100"}, "data": {}}, {"dispNum": "1", "time": "28", "opacity": "1", "size": {"x":"54", "y" : "80"},"pos": {"x":"16", "y":"-35"}, "data": {}}, {"dispNum": "1", "time": "29", "opacity": "1", "size": {"x":"54", "y" : "80"},"pos": {"x":"16", "y":"-35"}, "data": {}}, {"dispNum": "1", "time": "30", "opacity": "0", "size": {"x":"54", "y" : "80"},"pos": {"x":"16", "y":"-35"}, "data": {}}]}, {"name": "Track14", "providerId": "image", "assetUrl": "minionWriting.png", "keyframes": [{"dispNum": "1", "time": "27", "opacity": "0", "size": {"x":"100", "y" : "100"},"pos": {"x":"100", "y":"100"}, "data": {}}, {"dispNum": "1", "time": "28", "opacity": "1", "size": {"x":"100", "y" : "100"},"pos": {"x":"100", "y":"100"}, "data": {}}, {"dispNum": "1", "time": "29", "opacity": "1", "size": {"x":"100", "y" : "100"},"pos": {"x":"100", "y":"100"}, "data": {}}, {"dispNum": "1", "time": "30", "opacity": "0", "size": {"x":"100", "y" : "100"},"pos": {"x":"100", "y":"100"}, "data": {}}]}, {"name": "Track15", "providerId": "image", "assetUrl": "minionBananas.png", "keyframes": [{"dispNum": "1", "time": "5", "opacity": "0", "size": {"x":"100", "y" : "100"},"pos": {"x":"100", "y":"100"}, "data": {}}, {"dispNum": "1", "time": "18", "opacity": "1", "size": {"x":"100", "y" : "100"},"pos": {"x":"100", "y":"100"}, "data": {}}, {"dispNum": "1", "time": "20", "opacity": "1", "size": {"x":"100", "y" : "100"},"pos": {"x":"100", "y":"100"}, "data": {}}, {"dispNum": "1", "time": "21", "opacity": "0", "size": {"x":"100", "y" : "100"},"pos": {"x":"100", "y":"100"}, "data": {}}, {"dispNum": "2", "time": "27", "opacity": "0", "size": {"x":"100", "y" : "100"},"pos": {"x":"100", "y":"100"}, "data": {}}, {"dispNum": "2", "time": "28", "opacity": "1", "size": {"x":"100", "y" : "100"},"pos": {"x":"100", "y":"100"}, "data": {}}, {"dispNum": "2", "time": "29", "opacity": "1", "size": {"x":"100", "y" : "100"},"pos": {"x":"100", "y":"100"}, "data": {}}, {"dispNum": "2", "time": "30", "opacity": "0", "size": {"x":"100", "y" : "100"},"pos": {"x":"100", "y":"100"}, "data": {}}]}, {"name": "Track16", "providerId": "image", "assetUrl": "minionHole.png", "keyframes": [{"dispNum": "1", "time": "22", "opacity": "0", "size": {"x":"100", "y" : "100"},"pos": {"x":"100", "y":"100"}, "data": {}}, {"dispNum": "1", "time": "25", "opacity": "1", "size": {"x":"100", "y" : "100"},"pos": {"x":"100", "y":"100"}, "data": {}}, {"dispNum": "1", "time": "27", "opacity": "1", "size": {"x":"100", "y" : "100"},"pos": {"x":"100", "y":"100"}, "data": {}}, {"dispNum": "1", "time": "28", "opacity": "0", "size": {"x":"100", "y" : "100"},"pos": {"x":"100", "y":"100"}, "data": {}}]}, {"name": "Track17", "providerId": "image", "assetUrl": "minionMoreBananas.png", "keyframes": [{"dispNum": "1", "time": "10", "opacity": "0", "size": {"x":"100", "y" : "100"},"pos": {"x":"100", "y":"100"}, "data": {}}, {"dispNum": "1", "time": "17", "opacity": "1", "size": {"x":"100", "y" : "100"},"pos": {"x":"100", "y":"100"}, "data": {}}, {"dispNum": "1", "time": "25", "opacity": "1", "size": {"x":"36", "y" : "65"},"pos": {"x":"-43", "y":"27"}, "data": {}}, {"dispNum": "1", "time": "26", "opacity": "1", "size": {"x":"36", "y" : "65"},"pos": {"x":"-43", "y":"27"}, "data": {}}, {"dispNum": "1", "time": "27", "opacity": "0", "size": {"x":"36", "y" : "65"},"pos": {"x":"-43", "y":"27"}, "data": {}}]}, {"name": "Track18", "providerId": "image", "assetUrl": "minionThinking.png", "keyframes": [{"dispNum": "1", "time": "14", "opacity": "0", "size": {"x":"100", "y" : "100"},"pos": {"x":"100", "y":"100"}, "data": {}}, {"dispNum": "1", "time": "16", "opacity": "1", "size": {"x":"100", "y" : "100"},"pos": {"x":"100", "y":"100"}, "data": {}}, {"dispNum": "1", "time": "17", "opacity": "1", "size": {"x":"100", "y" : "100"},"pos": {"x":"100", "y":"100"}, "data": {}}, {"dispNum": "1", "time": "19", "opacity": "0", "size": {"x":"100", "y" : "100"},"pos": {"x":"100", "y":"100"}, "data": {}}, {"dispNum": "2", "time": "26", "opacity": "0", "size": {"x":"100", "y" : "100"},"pos": {"x":"100", "y":"100"}, "data": {}}, {"dispNum": "2", "time": "27", "opacity": "1", "size": {"x":"100", "y" : "100"},"pos": {"x":"100", "y":"100"}, "data": {}}, {"dispNum": "2", "time": "28", "opacity": "1", "size": {"x":"100", "y" : "100"},"pos": {"x":"100", "y":"100"}, "data": {}}, {"dispNum": "2", "time": "29", "opacity": "0", "size": {"x":"100", "y" : "100"},"pos": {"x":"100", "y":"100"}, "data": {}}]}, {"name": "Track19", "providerId": "image", "assetUrl": "minionWriting.png", "keyframes": [{"dispNum": "1", "time": "20", "opacity": "0", "size": {"x":"100", "y" : "100"},"pos": {"x":"100", "y":"100"}, "data": {}}, {"dispNum": "1", "time": "21", "opacity": "1", "size": {"x":"100", "y" : "100"},"pos": {"x":"100", "y":"100"}, "data": {}}, {"dispNum": "1", "time": "24", "opacity": "1", "size": {"x":"100", "y" : "100"},"pos": {"x":"100", "y":"100"}, "data": {}}, {"dispNum": "1", "time": "25", "opacity": "0", "size": {"x":"100", "y" : "100"},"pos": {"x":"100", "y":"100"}, "data": {}}, {"dispNum": "2", "time": "26", "opacity": "0", "size": {"x":"100", "y" : "100"},"pos": {"x":"100", "y":"100"}, "data": {}}, {"dispNum": "2", "time": "27", "opacity": "1", "size": {"x":"100", "y" : "100"},"pos": {"x":"100", "y":"100"}, "data": {}}, {"dispNum": "2", "time": "28", "opacity": "1", "size": {"x":"73", "y" : "60"},"pos": {"x":"-42", "y":"-52"}, "data": {}}, {"dispNum": "2", "time": "29", "opacity": "1", "size": {"x":"73", "y" : "60"},"pos": {"x":"-42", "y":"-52"}, "data": {}}, {"dispNum": "2", "time": "30", "opacity": "0", "size": {"x":"73", "y" : "60"},"pos": {"x":"-42", "y":"-52"}, "data": {}}]}, {"name": "Track20", "providerId": "image", "assetUrl": "minionBananas.png", "keyframes": [{"dispNum": "1", "time": "8", "opacity": "0", "size": {"x":"100", "y" : "100"},"pos": {"x":"100", "y":"100"}, "data": {}}, {"dispNum": "1", "time": "22", "opacity": "1", "size": {"x":"100", "y" : "100"},"pos": {"x":"100", "y":"100"}, "data": {}}, {"dispNum": "1", "time": "23", "opacity": "1", "size": {"x":"100", "y" : "100"},"pos": {"x":"100", "y":"100"}, "data": {}}, {"dispNum": "1", "time": "24", "opacity": "0", "size": {"x":"100", "y" : "100"},"pos": {"x":"100", "y":"100"}, "data": {}}, {"dispNum": "2", "time": "27", "opacity": "0", "size": {"x":"100", "y" : "100"},"pos": {"x":"100", "y":"100"}, "data": {}}, {"dispNum": "2", "time": "28", "opacity": "1", "size": {"x":"100", "y" : "100"},"pos": {"x":"100", "y":"100"}, "data": {}}, {"dispNum": "2", "time": "29", "opacity": "1", "size": {"x":"100", "y" : "100"},"pos": {"x":"100", "y":"100"}, "data": {}}, {"dispNum": "2", "time": "30", "opacity": "0", "size": {"x":"100", "y" : "100"},"pos": {"x":"100", "y":"100"}, "data": {}}]}, {"name": "Track21", "providerId": "image", "assetUrl": "minionHole.png", "keyframes": [{"dispNum": "1", "time": "20", "opacity": "0", "size": {"x":"100", "y" : "100"},"pos": {"x":"100", "y":"100"}, "data": {}}, {"dispNum": "1", "time": "21", "opacity": "1", "size": {"x":"100", "y" : "100"},"pos": {"x":"100", "y":"100"}, "data": {}}, {"dispNum": "1", "time": "24", "opacity": "1", "size": {"x":"100", "y" : "100"},"pos": {"x":"100", "y":"100"}, "data": {}}, {"dispNum": "1", "time": "25", "opacity": "0", "size": {"x":"100", "y" : "100"},"pos": {"x":"100", "y":"100"}, "data": {}}]}, {"name": "Track22", "providerId": "image", "assetUrl": "minionMoreBananas.png", "keyframes": [{"dispNum": "1", "time": "13", "opacity": "0", "size": {"x":"100", "y" : "100"},"pos": {"x":"100", "y":"100"}, "data": {}}, {"dispNum": "1", "time": "15", "opacity": "1", "size": {"x":"100", "y" : "100"},"pos": {"x":"100", "y":"100"}, "data": {}}, {"dispNum": "1", "time": "16", "opacity": "1", "size": {"x":"100", "y" : "100"},"pos": {"x":"100", "y":"100"}, "data": {}}, {"dispNum": "1", "time": "17", "opacity": "0", "size": {"x":"100", "y" : "100"},"pos": {"x":"100", "y":"100"}, "data": {}}, {"dispNum": "2", "time": "19", "opacity": "0", "size": {"x":"100", "y" : "100"},"pos": {"x":"100", "y":"100"}, "data": {}}, {"dispNum": "2", "time": "21", "opacity": "1", "size": {"x":"100", "y" : "100"},"pos": {"x":"100", "y":"100"}, "data": {}}, {"dispNum": "2", "time": "22", "opacity": "1", "size": {"x":"33", "y" : "84"},"pos": {"x":"11", "y":"58"}, "data": {}}, {"dispNum": "2", "time": "24", "opacity": "1", "size": {"x":"33", "y" : "84"},"pos": {"x":"11", "y":"58"}, "data": {}}, {"dispNum": "2", "time": "25", "opacity": "0", "size": {"x":"33", "y" : "84"},"pos": {"x":"11", "y":"58"}, "data": {}}, {"dispNum": "3", "time": "27", "opacity": "0", "size": {"x":"100", "y" : "100"},"pos": {"x":"100", "y":"100"}, "data": {}}, {"dispNum": "3", "time": "28", "opacity": "1", "size": {"x":"100", "y" : "100"},"pos": {"x":"100", "y":"100"}, "data": {}}, {"dispNum": "3", "time": "29", "opacity": "1", "size": {"x":"100", "y" : "100"},"pos": {"x":"100", "y":"100"}, "data": {}}, {"dispNum": "3", "time": "30", "opacity": "0", "size": {"x":"100", "y" : "100"},"pos": {"x":"100", "y":"100"}, "data": {}}]}, {"name": "Track23", "providerId": "image", "assetUrl": "minionThinking.png", "keyframes": [{"dispNum": "1", "time": "12", "opacity": "0", "size": {"x":"100", "y" : "100"},"pos": {"x":"100", "y":"100"}, "data": {}}, {"dispNum": "1", "time": "14", "opacity": "1", "size": {"x":"100", "y" : "100"},"pos": {"x":"100", "y":"100"}, "data": {}}, {"dispNum": "1", "time": "18", "opacity": "1", "size": {"x":"93", "y" : "36"},"pos": {"x":"-23", "y":"8"}, "data": {}}, {"dispNum": "1", "time": "19", "opacity": "1", "size": {"x":"93", "y" : "36"},"pos": {"x":"-23", "y":"8"}, "data": {}}, {"dispNum": "1", "time": "20", "opacity": "0", "size": {"x":"93", "y" : "36"},"pos": {"x":"-23", "y":"8"}, "data": {}}, {"dispNum": "2", "time": "24", "opacity": "0", "size": {"x":"100", "y" : "100"},"pos": {"x":"100", "y":"100"}, "data": {}}, {"dispNum": "2", "time": "25", "opacity": "1", "size": {"x":"100", "y" : "100"},"pos": {"x":"100", "y":"100"}, "data": {}}, {"dispNum": "2", "time": "26", "opacity": "1", "size": {"x":"100", "y" : "100"},"pos": {"x":"100", "y":"100"}, "data": {}}, {"dispNum": "2", "time": "27", "opacity": "0", "size": {"x":"100", "y" : "100"},"pos": {"x":"100", "y":"100"}, "data": {}}]}, {"name": "Track24", "providerId": "image", "assetUrl": "minionWriting.png", "keyframes": [{"dispNum": "1", "time": "10", "opacity": "0", "size": {"x":"100", "y" : "100"},"pos": {"x":"100", "y":"100"}, "data": {}}, {"dispNum": "1", "time": "23", "opacity": "1", "size": {"x":"100", "y" : "100"},"pos": {"x":"100", "y":"100"}, "data": {}}, {"dispNum": "1", "time": "29", "opacity": "1", "size": {"x":"100", "y" : "100"},"pos": {"x":"100", "y":"100"}, "data": {}}, {"dispNum": "1", "time": "30", "opacity": "0", "size": {"x":"100", "y" : "100"},"pos": {"x":"100", "y":"100"}, "data": {}}]}, {"name": "Track25", "providerId": "image", "assetUrl": "minionBananas.png", "keyframes": [{"dispNum": "1", "time": "0", "opacity": "0", "size": {"x":"100", "y" : "100"},"pos": {"x":"100", "y":"100"}, "data": {}}, {"dispNum": "1", "time": "9", "opacity": "1", "size": {"x":"100", "y" : "100"},"pos": {"x":"100", "y":"100"}, "data": {}}, {"dispNum": "1", "time": "10", "opacity": "1", "size": {"x":"54", "y" : "98"},"pos": {"x":"-63", "y":"-35"}, "data": {}}, {"dispNum": "1", "time": "13", "opacity": "1", "size": {"x":"33", "y" : "54"},"pos": {"x":"66", "y":"-70"}, "data": {}}, {"dispNum": "1", "time": "17", "opacity": "1", "size": {"x":"72", "y" : "39"},"pos": {"x":"91", "y":"-78"}, "data": {}}, {"dispNum": "1", "time": "20", "opacity": "1", "size": {"x":"72", "y" : "39"},"pos": {"x":"91", "y":"-78"}, "data": {}}, {"dispNum": "1", "time": "21", "opacity": "0", "size": {"x":"72", "y" : "39"},"pos": {"x":"91", "y":"-78"}, "data": {}}, {"dispNum": "2", "time": "26", "opacity": "0", "size": {"x":"100", "y" : "100"},"pos": {"x":"100", "y":"100"}, "data": {}}, {"dispNum": "2", "time": "27", "opacity": "1", "size": {"x":"100", "y" : "100"},"pos": {"x":"100", "y":"100"}, "data": {}}, {"dispNum": "2", "time": "28", "opacity": "1", "size": {"x":"100", "y" : "100"},"pos": {"x":"100", "y":"100"}, "data": {}}, {"dispNum": "2", "time": "29", "opacity": "0", "size": {"x":"100", "y" : "100"},"pos": {"x":"100", "y":"100"}, "data": {}}]}, {"name": "Track26", "providerId": "image", "assetUrl": "minionHole.png", "keyframes": [{"dispNum": "1", "time": "5", "opacity": "0", "size": {"x":"100", "y" : "100"},"pos": {"x":"100", "y":"100"}, "data": {}}, {"dispNum": "1", "time": "6", "opacity": "1", "size": {"x":"100", "y" : "100"},"pos": {"x":"100", "y":"100"}, "data": {}}, {"dispNum": "1", "time": "7", "opacity": "1", "size": {"x":"100", "y" : "100"},"pos": {"x":"100", "y":"100"}, "data": {}}, {"dispNum": "1", "time": "8", "opacity": "0", "size": {"x":"100", "y" : "100"},"pos": {"x":"100", "y":"100"}, "data": {}}, {"dispNum": "2", "time": "14", "opacity": "0", "size": {"x":"100", "y" : "100"},"pos": {"x":"100", "y":"100"}, "data": {}}, {"dispNum": "2", "time": "15", "opacity": "1", "size": {"x":"100", "y" : "100"},"pos": {"x":"100", "y":"100"}, "data": {}}, {"dispNum": "2", "time": "17", "opacity": "1", "size": {"x":"100", "y" : "100"},"pos": {"x":"100", "y":"100"}, "data": {}}, {"dispNum": "2", "time": "18", "opacity": "0", "size": {"x":"100", "y" : "100"},"pos": {"x":"100", "y":"100"}, "data": {}}, {"dispNum": "3", "time": "20", "opacity": "0", "size": {"x":"100", "y" : "100"},"pos": {"x":"100", "y":"100"}, "data": {}}, {"dispNum": "3", "time": "22", "opacity": "1", "size": {"x":"100", "y" : "100"},"pos": {"x":"100", "y":"100"}, "data": {}}, {"dispNum": "3", "time": "23", "opacity": "1", "size": {"x":"47", "y" : "61"},"pos": {"x":"-62", "y":"55"}, "data": {}}, {"dispNum": "3", "time": "24", "opacity": "1", "size": {"x":"65", "y" : "90"},"pos": {"x":"66", "y":"-58"}, "data": {}}, {"dispNum": "3", "time": "25", "opacity": "1", "size": {"x":"65", "y" : "90"},"pos": {"x":"66", "y":"-58"}, "data": {}}, {"dispNum": "3", "time": "26", "opacity": "0", "size": {"x":"65", "y" : "90"},"pos": {"x":"66", "y":"-58"}, "data": {}}]}, {"name": "Track27", "providerId": "image", "assetUrl": "minionMoreBananas.png", "keyframes": [{"dispNum": "1", "time": "16", "opacity": "0", "size": {"x":"100", "y" : "100"},"pos": {"x":"100", "y":"100"}, "data": {}}, {"dispNum": "1", "time": "23", "opacity": "1", "size": {"x":"100", "y" : "100"},"pos": {"x":"100", "y":"100"}, "data": {}}, {"dispNum": "1", "time": "24", "opacity": "1", "size": {"x":"100", "y" : "100"},"pos": {"x":"100", "y":"100"}, "data": {}}, {"dispNum": "1", "time": "27", "opacity": "0", "size": {"x":"100", "y" : "100"},"pos": {"x":"100", "y":"100"}, "data": {}}]}, {"name": "Track28", "providerId": "image", "assetUrl": "minionThinking.png", "keyframes": [{"dispNum": "1", "time": "26", "opacity": "0", "size": {"x":"100", "y" : "100"},"pos": {"x":"100", "y":"100"}, "data": {}}, {"dispNum": "1", "time": "27", "opacity": "1", "size": {"x":"100", "y" : "100"},"pos": {"x":"100", "y":"100"}, "data": {}}, {"dispNum": "1", "time": "28", "opacity": "1", "size": {"x":"100", "y" : "100"},"pos": {"x":"100", "y":"100"}, "data": {}}, {"dispNum": "1", "time": "29", "opacity": "0", "size": {"x":"100", "y" : "100"},"pos": {"x":"100", "y":"100"}, "data": {}}]}, {"name": "Track29", "providerId": "image", "assetUrl": "minionWriting.png", "keyframes": [{"dispNum": "1", "time": "2", "opacity": "0", "size": {"x":"100", "y" : "100"},"pos": {"x":"100", "y":"100"}, "data": {}}, {"dispNum": "1", "time": "8", "opacity": "1", "size": {"x":"100", "y" : "100"},"pos": {"x":"100", "y":"100"}, "data": {}}, {"dispNum": "1", "time": "10", "opacity": "1", "size": {"x":"42", "y" : "76"},"pos": {"x":"95", "y":"21"}, "data": {}}, {"dispNum": "1", "time": "11", "opacity": "1", "size": {"x":"34", "y" : "94"},"pos": {"x":"11", "y":"33"}, "data": {}}, {"dispNum": "1", "time": "12", "opacity": "1", "size": {"x":"34", "y" : "94"},"pos": {"x":"11", "y":"33"}, "data": {}}, {"dispNum": "1", "time": "13", "opacity": "0", "size": {"x":"34", "y" : "94"},"pos": {"x":"11", "y":"33"}, "data": {}}]}, {"name": "Track30", "providerId": "image", "assetUrl": "minionBananas.png", "keyframes": [{"dispNum": "1", "time": "1", "opacity": "0", "size": {"x":"100", "y" : "100"},"pos": {"x":"100", "y":"100"}, "data": {}}, {"dispNum": "1", "time": "3", "opacity": "1", "size": {"x":"100", "y" : "100"},"pos": {"x":"100", "y":"100"}, "data": {}}, {"dispNum": "1", "time": "16", "opacity": "1", "size": {"x":"44", "y" : "91"},"pos": {"x":"-29", "y":"-14"}, "data": {}}, {"dispNum": "1", "time": "27", "opacity": "1", "size": {"x":"44", "y" : "91"},"pos": {"x":"-29", "y":"-14"}, "data": {}}, {"dispNum": "1", "time": "29", "opacity": "0", "size": {"x":"44", "y" : "91"},"pos": {"x":"-29", "y":"-14"}, "data": {}}]}, {"name": "Track31", "providerId": "image", "assetUrl": "minionHole.png", "keyframes": [{"dispNum": "1", "time": "10", "opacity": "0", "size": {"x":"100", "y" : "100"},"pos": {"x":"100", "y":"100"}, "data": {}}, {"dispNum": "1", "time": "14", "opacity": "1", "size": {"x":"100", "y" : "100"},"pos": {"x":"100", "y":"100"}, "data": {}}, {"dispNum": "1", "time": "27", "opacity": "1", "size": {"x":"100", "y" : "100"},"pos": {"x":"100", "y":"100"}, "data": {}}, {"dispNum": "1", "time": "28", "opacity": "0", "size": {"x":"100", "y" : "100"},"pos": {"x":"100", "y":"100"}, "data": {}}]}, {"name": "Track32", "providerId": "image", "assetUrl": "minionMoreBananas.png", "keyframes": [{"dispNum": "1", "time": "25", "opacity": "0", "size": {"x":"100", "y" : "100"},"pos": {"x":"100", "y":"100"}, "data": {}}, {"dispNum": "1", "time": "26", "opacity": "1", "size": {"x":"100", "y" : "100"},"pos": {"x":"100", "y":"100"}, "data": {}}, {"dispNum": "1", "time": "28", "opacity": "1", "size": {"x":"100", "y" : "100"},"pos": {"x":"100", "y":"100"}, "data": {}}, {"dispNum": "1", "time": "29", "opacity": "0", "size": {"x":"100", "y" : "100"},"pos": {"x":"100", "y":"100"}, "data": {}}]}, {"name": "Track33", "providerId": "image", "assetUrl": "minionThinking.png", "keyframes": [{"dispNum": "1", "time": "25", "opacity": "0", "size": {"x":"100", "y" : "100"},"pos": {"x":"100", "y":"100"}, "data": {}}, {"dispNum": "1", "time": "26", "opacity": "1", "size": {"x":"100", "y" : "100"},"pos": {"x":"100", "y":"100"}, "data": {}}, {"dispNum": "1", "time": "27", "opacity": "1", "size": {"x":"100", "y" : "100"},"pos": {"x":"100", "y":"100"}, "data": {}}, {"dispNum": "1", "time": "28", "opacity": "0", "size": {"x":"100", "y" : "100"},"pos": {"x":"100", "y":"100"}, "data": {}}]}, {"name": "Track34", "providerId": "image", "assetUrl": "minionWriting.png", "keyframes": [{"dispNum": "1", "time": "26", "opacity": "0", "size": {"x":"100", "y" : "100"},"pos": {"x":"100", "y":"100"}, "data": {}}, {"dispNum": "1", "time": "27", "opacity": "1", "size": {"x":"100", "y" : "100"},"pos": {"x":"100", "y":"100"}, "data": {}}, {"dispNum": "1", "time": "28", "opacity": "1", "size": {"x":"100", "y" : "100"},"pos": {"x":"100", "y":"100"}, "data": {}}, {"dispNum": "1", "time": "29", "opacity": "0", "size": {"x":"100", "y" : "100"},"pos": {"x":"100", "y":"100"}, "data": {}}]}, {"name": "Track35", "providerId": "image", "assetUrl": "minionBananas.png", "keyframes": [{"dispNum": "1", "time": "22", "opacity": "0", "size": {"x":"100", "y" : "100"},"pos": {"x":"100", "y":"100"}, "data": {}}, {"dispNum": "1", "time": "23", "opacity": "1", "size": {"x":"100", "y" : "100"},"pos": {"x":"100", "y":"100"}, "data": {}}, {"dispNum": "1", "time": "24", "opacity": "1", "size": {"x":"100", "y" : "100"},"pos": {"x":"100", "y":"100"}, "data": {}}, {"dispNum": "1", "time": "25", "opacity": "0", "size": {"x":"100", "y" : "100"},"pos": {"x":"100", "y":"100"}, "data": {}}, {"dispNum": "2", "time": "27", "opacity": "0", "size": {"x":"100", "y" : "100"},"pos": {"x":"100", "y":"100"}, "data": {}}, {"dispNum": "2", "time": "28", "opacity": "1", "size": {"x":"100", "y" : "100"},"pos": {"x":"100", "y":"100"}, "data": {}}, {"dispNum": "2", "time": "29", "opacity": "1", "size": {"x":"100", "y" : "100"},"pos": {"x":"100", "y":"100"}, "data": {}}, {"dispNum": "2", "time": "30", "opacity": "0", "size": {"x":"100", "y" : "100"},"pos": {"x":"100", "y":"100"}, "data": {}}]}, {"name": "Track36", "providerId": "image", "assetUrl": "minionHole.png", "keyframes": [{"dispNum": "1", "time": "3", "opacity": "0", "size": {"x":"100", "y" : "100"},"pos": {"x":"100", "y":"100"}, "data": {}}, {"dispNum": "1", "time": "7", "opacity": "1", "size": {"x":"100", "y" : "100"},"pos": {"x":"100", "y":"100"}, "data": {}}, {"dispNum": "1", "time": "8", "opacity": "1", "size": {"x":"100", "y" : "100"},"pos": {"x":"100", "y":"100"}, "data": {}}, {"dispNum": "1", "time": "10", "opacity": "0", "size": {"x":"100", "y" : "100"},"pos": {"x":"100", "y":"100"}, "data": {}}, {"dispNum": "2", "time": "27", "opacity": "0", "size": {"x":"100", "y" : "100"},"pos": {"x":"100", "y":"100"}, "data": {}}, {"dispNum": "2", "time": "28", "opacity": "1", "size": {"x":"100", "y" : "100"},"pos": {"x":"100", "y":"100"}, "data": {}}, {"dispNum": "2", "time": "29", "opacity": "1", "size": {"x":"100", "y" : "100"},"pos": {"x":"100", "y":"100"}, "data": {}}, {"dispNum": "2", "time": "30", "opacity": "0", "size": {"x":"100", "y" : "100"},"pos": {"x":"100", "y":"100"}, "data": {}}]}, {"name": "Track37", "providerId": "image", "assetUrl": "minionMoreBananas.png", "keyframes": [{"dispNum": "1", "time": "3", "opacity": "0", "size": {"x":"100", "y" : "100"},"pos": {"x":"100", "y":"100"}, "data": {}}, {"dispNum": "1", "time": "7", "opacity": "1", "size": {"x":"100", "y" : "100"},"pos": {"x":"100", "y":"100"}, "data": {}}, {"dispNum": "1", "time": "10", "opacity": "1", "size": {"x":"100", "y" : "100"},"pos": {"x":"100", "y":"100"}, "data": {}}, {"dispNum": "1", "time": "13", "opacity": "0", "size": {"x":"100", "y" : "100"},"pos": {"x":"100", "y":"100"}, "data": {}}, {"dispNum": "2", "time": "15", "opacity": "0", "size": {"x":"100", "y" : "100"},"pos": {"x":"100", "y":"100"}, "data": {}}, {"dispNum": "2", "time": "16", "opacity": "1", "size": {"x":"100", "y" : "100"},"pos": {"x":"100", "y":"100"}, "data": {}}, {"dispNum": "2", "time": "17", "opacity": "1", "size": {"x":"100", "y" : "100"},"pos": {"x":"100", "y":"100"}, "data": {}}, {"dispNum": "2", "time": "18", "opacity": "0", "size": {"x":"100", "y" : "100"},"pos": {"x":"100", "y":"100"}, "data": {}}]}, {"name": "Track38", "providerId": "image", "assetUrl": "minionThinking.png", "keyframes": [{"dispNum": "1", "time": "12", "opacity": "0", "size": {"x":"100", "y" : "100"},"pos": {"x":"100", "y":"100"}, "data": {}}, {"dispNum": "1", "time": "17", "opacity": "1", "size": {"x":"100", "y" : "100"},"pos": {"x":"100", "y":"100"}, "data": {}}, {"dispNum": "1", "time": "22", "opacity": "1", "size": {"x":"69", "y" : "60"},"pos": {"x":"-96", "y":"-12"}, "data": {}}, {"dispNum": "1", "time": "23", "opacity": "1", "size": {"x":"83", "y" : "87"},"pos": {"x":"-72", "y":"93"}, "data": {}}, {"dispNum": "1", "time": "24", "opacity": "1", "size": {"x":"83", "y" : "87"},"pos": {"x":"-72", "y":"93"}, "data": {}}, {"dispNum": "1", "time": "26", "opacity": "0", "size": {"x":"83", "y" : "87"},"pos": {"x":"-72", "y":"93"}, "data": {}}]}, {"name": "Track39", "providerId": "image", "assetUrl": "minionWriting.png", "keyframes": [{"dispNum": "1", "time": "25", "opacity": "0", "size": {"x":"100", "y" : "100"},"pos": {"x":"100", "y":"100"}, "data": {}}, {"dispNum": "1", "time": "26", "opacity": "1", "size": {"x":"100", "y" : "100"},"pos": {"x":"100", "y":"100"}, "data": {}}, {"dispNum": "1", "time": "27", "opacity": "1", "size": {"x":"100", "y" : "100"},"pos": {"x":"100", "y":"100"}, "data": {}}, {"dispNum": "1", "time": "28", "opacity": "0", "size": {"x":"100", "y" : "100"},"pos": {"x":"100", "y":"100"}, "data": {}}]}, {"name": "Track40", "providerId": "image", "assetUrl": "minionBananas.png", "keyframes": [{"dispNum": "1", "time": "12", "opacity": "0", "size": {"x":"100", "y" : "100"},"pos": {"x":"100", "y":"100"}, "data": {}}, {"dispNum": "1", "time": "18", "opacity": "1", "size": {"x":"100", "y" : "100"},"pos": {"x":"100", "y":"100"}, "data": {}}, {"dispNum": "1", "time": "22", "opacity": "1", "size": {"x":"100", "y" : "100"},"pos": {"x":"100", "y":"100"}, "data": {}}, {"dispNum": "1", "time": "25", "opacity": "0", "size": {"x":"100", "y" : "100"},"pos": {"x":"100", "y":"100"}, "data": {}}, {"dispNum": "2", "time": "26", "opacity": "0", "size": {"x":"100", "y" : "100"},"pos": {"x":"100", "y":"100"}, "data": {}}, {"dispNum": "2", "time": "27", "opacity": "1", "size": {"x":"100", "y" : "100"},"pos": {"x":"100", "y":"100"}, "data": {}}, {"dispNum": "2", "time": "29", "opacity": "1", "size": {"x":"100", "y" : "100"},"pos": {"x":"100", "y":"100"}, "data": {}}, {"dispNum": "2", "time": "30", "opacity": "0", "size": {"x":"100", "y" : "100"},"pos": {"x":"100", "y":"100"}, "data": {}}]}, {"name": "Track41", "providerId": "image", "assetUrl": "minionHole.png", "keyframes": [{"dispNum": "1", "time": "24", "opacity": "0", "size": {"x":"100", "y" : "100"},"pos": {"x":"100", "y":"100"}, "data": {}}, {"dispNum": "1", "time": "25", "opacity": "1", "size": {"x":"100", "y" : "100"},"pos": {"x":"100", "y":"100"}, "data": {}}, {"dispNum": "1", "time": "26", "opacity": "1", "size": {"x":"100", "y" : "100"},"pos": {"x":"100", "y":"100"}, "data": {}}, {"dispNum": "1", "time": "27", "opacity": "0", "size": {"x":"100", "y" : "100"},"pos": {"x":"100", "y":"100"}, "data": {}}]}, {"name": "Track42", "providerId": "image", "assetUrl": "minionMoreBananas.png", "keyframes": [{"dispNum": "1", "time": "8", "opacity": "0", "size": {"x":"100", "y" : "100"},"pos": {"x":"100", "y":"100"}, "data": {}}, {"dispNum": "1", "time": "12", "opacity": "1", "size": {"x":"100", "y" : "100"},"pos": {"x":"100", "y":"100"}, "data": {}}, {"dispNum": "1", "time": "17", "opacity": "1", "size": {"x":"100", "y" : "100"},"pos": {"x":"100", "y":"100"}, "data": {}}, {"dispNum": "1", "time": "18", "opacity": "0", "size": {"x":"100", "y" : "100"},"pos": {"x":"100", "y":"100"}, "data": {}}]}, {"name": "Track43", "providerId": "image", "assetUrl": "minionThinking.png", "keyframes": [{"dispNum": "1", "time": "7", "opacity": "0", "size": {"x":"100", "y" : "100"},"pos": {"x":"100", "y":"100"}, "data": {}}, {"dispNum": "1", "time": "12", "opacity": "1", "size": {"x":"100", "y" : "100"},"pos": {"x":"100", "y":"100"}, "data": {}}, {"dispNum": "1", "time": "15", "opacity": "1", "size": {"x":"48", "y" : "64"},"pos": {"x":"63", "y":"95"}, "data": {}}, {"dispNum": "1", "time": "18", "opacity": "1", "size": {"x":"100", "y" : "35"},"pos": {"x":"-73", "y":"-17"}, "data": {}}, {"dispNum": "1", "time": "21", "opacity": "1", "size": {"x":"100", "y" : "35"},"pos": {"x":"-73", "y":"-17"}, "data": {}}, {"dispNum": "1", "time": "22", "opacity": "0", "size": {"x":"100", "y" : "35"},"pos": {"x":"-73", "y":"-17"}, "data": {}}, {"dispNum": "2", "time": "24", "opacity": "0", "size": {"x":"100", "y" : "100"},"pos": {"x":"100", "y":"100"}, "data": {}}, {"dispNum": "2", "time": "27", "opacity": "1", "size": {"x":"100", "y" : "100"},"pos": {"x":"100", "y":"100"}, "data": {}}, {"dispNum": "2", "time": "28", "opacity": "1", "size": {"x":"100", "y" : "100"},"pos": {"x":"100", "y":"100"}, "data": {}}, {"dispNum": "2", "time": "29", "opacity": "0", "size": {"x":"100", "y" : "100"},"pos": {"x":"100", "y":"100"}, "data": {}}]}, {"name": "Track44", "providerId": "image", "assetUrl": "minionWriting.png", "keyframes": [{"dispNum": "1", "time": "0", "opacity": "0", "size": {"x":"100", "y" : "100"},"pos": {"x":"100", "y":"100"}, "data": {}}, {"dispNum": "1", "time": "1", "opacity": "1", "size": {"x":"100", "y" : "100"},"pos": {"x":"100", "y":"100"}, "data": {}}, {"dispNum": "1", "time": "13", "opacity": "1", "size": {"x":"40", "y" : "66"},"pos": {"x":"-9", "y":"92"}, "data": {}}, {"dispNum": "1", "time": "14", "opacity": "1", "size": {"x":"52", "y" : "32"},"pos": {"x":"18", "y":"92"}, "data": {}}, {"dispNum": "1", "time": "16", "opacity": "1", "size": {"x":"52", "y" : "32"},"pos": {"x":"18", "y":"92"}, "data": {}}, {"dispNum": "1", "time": "17", "opacity": "0", "size": {"x":"52", "y" : "32"},"pos": {"x":"18", "y":"92"}, "data": {}}, {"dispNum": "2", "time": "21", "opacity": "0", "size": {"x":"100", "y" : "100"},"pos": {"x":"100", "y":"100"}, "data": {}}, {"dispNum": "2", "time": "28", "opacity": "1", "size": {"x":"100", "y" : "100"},"pos": {"x":"100", "y":"100"}, "data": {}}, {"dispNum": "2", "time": "29", "opacity": "1", "size": {"x":"100", "y" : "100"},"pos": {"x":"100", "y":"100"}, "data": {}}, {"dispNum": "2", "time": "30", "opacity": "0", "size": {"x":"100", "y" : "100"},"pos": {"x":"100", "y":"100"}, "data": {}}]}, {"name": "Track45", "providerId": "image", "assetUrl": "minionBananas.png", "keyframes": [{"dispNum": "1", "time": "18", "opacity": "0", "size": {"x":"100", "y" : "100"},"pos": {"x":"100", "y":"100"}, "data": {}}, {"dispNum": "1", "time": "19", "opacity": "1", "size": {"x":"100", "y" : "100"},"pos": {"x":"100", "y":"100"}, "data": {}}, {"dispNum": "1", "time": "20", "opacity": "1", "size": {"x":"100", "y" : "100"},"pos": {"x":"100", "y":"100"}, "data": {}}, {"dispNum": "1", "time": "21", "opacity": "0", "size": {"x":"100", "y" : "100"},"pos": {"x":"100", "y":"100"}, "data": {}}, {"dispNum": "2", "time": "27", "opacity": "0", "size": {"x":"100", "y" : "100"},"pos": {"x":"100", "y":"100"}, "data": {}}, {"dispNum": "2", "time": "28", "opacity": "1", "size": {"x":"100", "y" : "100"},"pos": {"x":"100", "y":"100"}, "data": {}}, {"dispNum": "2", "time": "29", "opacity": "1", "size": {"x":"100", "y" : "100"},"pos": {"x":"100", "y":"100"}, "data": {}}, {"dispNum": "2", "time": "30", "opacity": "0", "size": {"x":"100", "y" : "100"},"pos": {"x":"100", "y":"100"}, "data": {}}]}, {"name": "Track46", "providerId": "image", "assetUrl": "minionHole.png", "keyframes": [{"dispNum": "1", "time": "13", "opacity": "0", "size": {"x":"100", "y" : "100"},"pos": {"x":"100", "y":"100"}, "data": {}}, {"dispNum": "1", "time": "14", "opacity": "1", "size": {"x":"100", "y" : "100"},"pos": {"x":"100", "y":"100"}, "data": {}}, {"dispNum": "1", "time": "25", "opacity": "1", "size": {"x":"100", "y" : "100"},"pos": {"x":"100", "y":"100"}, "data": {}}, {"dispNum": "1", "time": "30", "opacity": "0", "size": {"x":"100", "y" : "100"},"pos": {"x":"100", "y":"100"}, "data": {}}]}, {"name": "Track47", "providerId": "image", "assetUrl": "minionMoreBananas.png", "keyframes": [{"dispNum": "1", "time": "16", "opacity": "0", "size": {"x":"100", "y" : "100"},"pos": {"x":"100", "y":"100"}, "data": {}}, {"dispNum": "1", "time": "18", "opacity": "1", "size": {"x":"100", "y" : "100"},"pos": {"x":"100", "y":"100"}, "data": {}}, {"dispNum": "1", "time": "19", "opacity": "1", "size": {"x":"100", "y" : "100"},"pos": {"x":"100", "y":"100"}, "data": {}}, {"dispNum": "1", "time": "21", "opacity": "0", "size": {"x":"100", "y" : "100"},"pos": {"x":"100", "y":"100"}, "data": {}}, {"dispNum": "2", "time": "23", "opacity": "0", "size": {"x":"100", "y" : "100"},"pos": {"x":"100", "y":"100"}, "data": {}}, {"dispNum": "2", "time": "24", "opacity": "1", "size": {"x":"100", "y" : "100"},"pos": {"x":"100", "y":"100"}, "data": {}}, {"dispNum": "2", "time": "27", "opacity": "1", "size": {"x":"40", "y" : "91"},"pos": {"x":"-67", "y":"19"}, "data": {}}, {"dispNum": "2", "time": "28", "opacity": "1", "size": {"x":"40", "y" : "91"},"pos": {"x":"-67", "y":"19"}, "data": {}}, {"dispNum": "2", "time": "29", "opacity": "0", "size": {"x":"40", "y" : "91"},"pos": {"x":"-67", "y":"19"}, "data": {}}]}, {"name": "Track48", "providerId": "image", "assetUrl": "minionThinking.png", "keyframes": [{"dispNum": "1", "time": "27", "opacity": "0", "size": {"x":"100", "y" : "100"},"pos": {"x":"100", "y":"100"}, "data": {}}, {"dispNum": "1", "time": "28", "opacity": "1", "size": {"x":"100", "y" : "100"},"pos": {"x":"100", "y":"100"}, "data": {}}, {"dispNum": "1", "time": "29", "opacity": "1", "size": {"x":"100", "y" : "100"},"pos": {"x":"100", "y":"100"}, "data": {}}, {"dispNum": "1", "time": "30", "opacity": "0", "size": {"x":"100", "y" : "100"},"pos": {"x":"100", "y":"100"}, "data": {}}]}, {"name": "Track49", "providerId": "image", "assetUrl": "minionWriting.png", "keyframes": [{"dispNum": "1", "time": "24", "opacity": "0", "size": {"x":"100", "y" : "100"},"pos": {"x":"100", "y":"100"}, "data": {}}, {"dispNum": "1", "time": "25", "opacity": "1", "size": {"x":"100", "y" : "100"},"pos": {"x":"100", "y":"100"}, "data": {}}, {"dispNum": "1", "time": "29", "opacity": "1", "size": {"x":"100", "y" : "100"},"pos": {"x":"100", "y":"100"}, "data": {}}, {"dispNum": "1", "time": "30", "opacity": "0", "size": {"x":"100", "y" : "100"},"pos": {"x":"100", "y":"100"}, "data": {}}]}, {"name": "Track50", "providerId": "image", "assetUrl": "minionBananas.png", "keyframes": [{"dispNum": "1", "time": "13", "opacity": "0", "size": {"x":"100", "y" : "100"},"pos": {"x":"100", "y":"100"}, "data": {}}, {"dispNum": "1", "time": "14", "opacity": "1", "size": {"x":"100", "y" : "100"},"pos": {"x":"100", "y":"100"}, "data": {}}, {"dispNum": "1", "time": "16", "opacity": "1", "size": {"x":"100", "y" : "100"},"pos": {"x":"100", "y":"100"}, "data": {}}, {"dispNum": "1", "time": "17", "opacity": "0", "size": {"x":"100", "y" : "100"},"pos": {"x":"100", "y":"100"}, "data": {}}, {"dispNum": "2", "time": "24", "opacity": "0", "size": {"x":"100", "y" : "100"},"pos": {"x":"100", "y":"100"}, "data": {}}, {"dispNum": "2", "time": "26", "opacity": "1", "size": {"x":"100", "y" : "100"},"pos": {"x":"100", "y":"100"}, "data": {}}, {"dispNum": "2", "time": "27", "opacity": "1", "size": {"x":"100", "y" : "100"},"pos": {"x":"100", "y":"100"}, "data": {}}, {"dispNum": "2", "time": "28", "opacity": "0", "size": {"x":"100", "y" : "100"},"pos": {"x":"100", "y":"100"}, "data": {}}]}, {"name": "Track51", "providerId": "image", "assetUrl": "minionHole.png", "keyframes": [{"dispNum": "1", "time": "16", "opacity": "0", "size": {"x":"100", "y" : "100"},"pos": {"x":"100", "y":"100"}, "data": {}}, {"dispNum": "1", "time": "24", "opacity": "1", "size": {"x":"100", "y" : "100"},"pos": {"x":"100", "y":"100"}, "data": {}}, {"dispNum": "1", "time": "27", "opacity": "1", "size": {"x":"32", "y" : "49"},"pos": {"x":"-98", "y":"-98"}, "data": {}}, {"dispNum": "1", "time": "28", "opacity": "1", "size": {"x":"32", "y" : "49"},"pos": {"x":"-98", "y":"-98"}, "data": {}}, {"dispNum": "1", "time": "29", "opacity": "0", "size": {"x":"32", "y" : "49"},"pos": {"x":"-98", "y":"-98"}, "data": {}}]}, {"name": "Track52", "providerId": "image", "assetUrl": "minionMoreBananas.png", "keyframes": [{"dispNum": "1", "time": "20", "opacity": "0", "size": {"x":"100", "y" : "100"},"pos": {"x":"100", "y":"100"}, "data": {}}, {"dispNum": "1", "time": "23", "opacity": "1", "size": {"x":"100", "y" : "100"},"pos": {"x":"100", "y":"100"}, "data": {}}, {"dispNum": "1", "time": "24", "opacity": "1", "size": {"x":"100", "y" : "100"},"pos": {"x":"100", "y":"100"}, "data": {}}, {"dispNum": "1", "time": "25", "opacity": "0", "size": {"x":"100", "y" : "100"},"pos": {"x":"100", "y":"100"}, "data": {}}, {"dispNum": "2", "time": "27", "opacity": "0", "size": {"x":"100", "y" : "100"},"pos": {"x":"100", "y":"100"}, "data": {}}, {"dispNum": "2", "time": "28", "opacity": "1", "size": {"x":"100", "y" : "100"},"pos": {"x":"100", "y":"100"}, "data": {}}, {"dispNum": "2", "time": "29", "opacity": "1", "size": {"x":"100", "y" : "100"},"pos": {"x":"100", "y":"100"}, "data": {}}, {"dispNum": "2", "time": "30", "opacity": "0", "size": {"x":"100", "y" : "100"},"pos": {"x":"100", "y":"100"}, "data": {}}]}, {"name": "Track53", "providerId": "image", "assetUrl": "minionThinking.png", "keyframes": [{"dispNum": "1", "time": "12", "opacity": "0", "size": {"x":"100", "y" : "100"},"pos": {"x":"100", "y":"100"}, "data": {}}, {"dispNum": "1", "time": "13", "opacity": "1", "size": {"x":"100", "y" : "100"},"pos": {"x":"100", "y":"100"}, "data": {}}, {"dispNum": "1", "time": "14", "opacity": "1", "size": {"x":"100", "y" : "100"},"pos": {"x":"100", "y":"100"}, "data": {}}, {"dispNum": "1", "time": "15", "opacity": "0", "size": {"x":"100", "y" : "100"},"pos": {"x":"100", "y":"100"}, "data": {}}, {"dispNum": "2", "time": "17", "opacity": "0", "size": {"x":"100", "y" : "100"},"pos": {"x":"100", "y":"100"}, "data": {}}, {"dispNum": "2", "time": "19", "opacity": "1", "size": {"x":"100", "y" : "100"},"pos": {"x":"100", "y":"100"}, "data": {}}, {"dispNum": "2", "time": "29", "opacity": "1", "size": {"x":"100", "y" : "100"},"pos": {"x":"100", "y":"100"}, "data": {}}, {"dispNum": "2", "time": "30", "opacity": "0", "size": {"x":"100", "y" : "100"},"pos": {"x":"100", "y":"100"}, "data": {}}]}, {"name": "Track54", "providerId": "image", "assetUrl": "minionWriting.png", "keyframes": [{"dispNum": "1", "time": "16", "opacity": "0", "size": {"x":"100", "y" : "100"},"pos": {"x":"100", "y":"100"}, "data": {}}, {"dispNum": "1", "time": "20", "opacity": "1", "size": {"x":"100", "y" : "100"},"pos": {"x":"100", "y":"100"}, "data": {}}, {"dispNum": "1", "time": "23", "opacity": "1", "size": {"x":"77", "y" : "74"},"pos": {"x":"-56", "y":"1"}, "data": {}}, {"dispNum": "1", "time": "25", "opacity": "1", "size": {"x":"92", "y" : "81"},"pos": {"x":"27", "y":"13"}, "data": {}}, {"dispNum": "1", "time": "26", "opacity": "1", "size": {"x":"92", "y" : "81"},"pos": {"x":"27", "y":"13"}, "data": {}}, {"dispNum": "1", "time": "27", "opacity": "0", "size": {"x":"92", "y" : "81"},"pos": {"x":"27", "y":"13"}, "data": {}}]}, {"name": "Track55", "providerId": "image", "assetUrl": "minionBananas.png", "keyframes": [{"dispNum": "1", "time": "26", "opacity": "0", "size": {"x":"100", "y" : "100"},"pos": {"x":"100", "y":"100"}, "data": {}}, {"dispNum": "1", "time": "27", "opacity": "1", "size": {"x":"100", "y" : "100"},"pos": {"x":"100", "y":"100"}, "data": {}}, {"dispNum": "1", "time": "28", "opacity": "1", "size": {"x":"100", "y" : "100"},"pos": {"x":"100", "y":"100"}, "data": {}}, {"dispNum": "1", "time": "29", "opacity": "0", "size": {"x":"100", "y" : "100"},"pos": {"x":"100", "y":"100"}, "data": {}}]}, {"name": "Track56", "providerId": "image", "assetUrl": "minionHole.png", "keyframes": [{"dispNum": "1", "time": "26", "opacity": "0", "size": {"x":"100", "y" : "100"},"pos": {"x":"100", "y":"100"}, "data": {}}, {"dispNum": "1", "time": "28", "opacity": "1", "size": {"x":"100", "y" : "100"},"pos": {"x":"100", "y":"100"}, "data": {}}, {"dispNum": "1", "time": "29", "opacity": "1", "size": {"x":"100", "y" : "100"},"pos": {"x":"100", "y":"100"}, "data": {}}, {"dispNum": "1", "time": "30", "opacity": "0", "size": {"x":"100", "y" : "100"},"pos": {"x":"100", "y":"100"}, "data": {}}]}, {"name": "Track57", "providerId": "image", "assetUrl": "minionMoreBananas.png", "keyframes": [{"dispNum": "1", "time": "25", "opacity": "0", "size": {"x":"100", "y" : "100"},"pos": {"x":"100", "y":"100"}, "data": {}}, {"dispNum": "1", "time": "28", "opacity": "1", "size": {"x":"100", "y" : "100"},"pos": {"x":"100", "y":"100"}, "data": {}}, {"dispNum": "1", "time": "29", "opacity": "1", "size": {"x":"100", "y" : "100"},"pos": {"x":"100", "y":"100"}, "data": {}}, {"dispNum": "1", "time": "30", "opacity": "0", "size": {"x":"100", "y" : "100"},"pos": {"x":"100", "y":"100"}, "data": {}}]}, {"name": "Track58", "providerId": "image", "assetUrl": "minionThinking.png", "keyframes": [{"dispNum": "1", "time": "19", "opacity": "0", "size": {"x":"100", "y" : "100"},"pos": {"x":"100", "y":"100"}, "data": {}}, {"dispNum": "1", "time": "20", "opacity": "1", "size": {"x":"100", "y" : "100"},"pos": {"x":"100", "y":"100"}, "data": {}}, {"dispNum": "1", "time": "22", "opacity": "1", "size": {"x":"100", "y" : "100"},"pos": {"x":"100", "y":"100"}, "data": {}}, {"dispNum": "1", "time": "24", "opacity": "0", "size": {"x":"100", "y" : "100"},"pos": {"x":"100", "y":"100"}, "data": {}}]}, {"name": "Track59", "providerId": "image", "assetUrl": "minionWriting.png", "keyframes": [{"dispNum": "1", "time": "17", "opacity": "0", "size": {"x":"100", "y" : "100"},"pos": {"x":"100", "y":"100"}, "data": {}}, {"dispNum": "1", "time": "20", "opacity": "1", "size": {"x":"100", "y" : "100"},"pos": {"x":"100", "y":"100"}, "data": {}}, {"dispNum": "1", "time": "21", "opacity": "1", "size": {"x":"87", "y" : "75"},"pos": {"x":"-35", "y":"67"}, "data": {}}, {"dispNum": "1", "time": "22", "opacity": "1", "size": {"x":"87", "y" : "75"},"pos": {"x":"-35", "y":"67"}, "data": {}}, {"dispNum": "1", "time": "23", "opacity": "0", "size": {"x":"87", "y" : "75"},"pos": {"x":"-35", "y":"67"}, "data": {}}]}, {"name": "Track60", "providerId": "image", "assetUrl": "minionBananas.png", "keyframes": [{"dispNum": "1", "time": "25", "opacity": "0", "size": {"x":"100", "y" : "100"},"pos": {"x":"100", "y":"100"}, "data": {}}, {"dispNum": "1", "time": "26", "opacity": "1", "size": {"x":"100", "y" : "100"},"pos": {"x":"100", "y":"100"}, "data": {}}, {"dispNum": "1", "time": "27", "opacity": "1", "size": {"x":"100", "y" : "100"},"pos": {"x":"100", "y":"100"}, "data": {}}, {"dispNum": "1", "time": "28", "opacity": "0", "size": {"x":"100", "y" : "100"},"pos": {"x":"100", "y":"100"}, "data": {}}]}, {"name": "Track61", "providerId": "image", "assetUrl": "minionHole.png", "keyframes": [{"dispNum": "1", "time": "25", "opacity": "0", "size": {"x":"100", "y" : "100"},"pos": {"x":"100", "y":"100"}, "data": {}}, {"dispNum": "1", "time": "28", "opacity": "1", "size": {"x":"100", "y" : "100"},"pos": {"x":"100", "y":"100"}, "data": {}}, {"dispNum": "1", "time": "29", "opacity": "1", "size": {"x":"100", "y" : "100"},"pos": {"x":"100", "y":"100"}, "data": {}}, {"dispNum": "1", "time": "30", "opacity": "0", "size": {"x":"100", "y" : "100"},"pos": {"x":"100", "y":"100"}, "data": {}}]}, {"name": "Track62", "providerId": "image", "assetUrl": "minionMoreBananas.png", "keyframes": [{"dispNum": "1", "time": "19", "opacity": "0", "size": {"x":"100", "y" : "100"},"pos": {"x":"100", "y":"100"}, "data": {}}, {"dispNum": "1", "time": "25", "opacity": "1", "size": {"x":"100", "y" : "100"},"pos": {"x":"100", "y":"100"}, "data": {}}, {"dispNum": "1", "time": "26", "opacity": "1", "size": {"x":"100", "y" : "100"},"pos": {"x":"100", "y":"100"}, "data": {}}, {"dispNum": "1", "time": "27", "opacity": "0", "size": {"x":"100", "y" : "100"},"pos": {"x":"100", "y":"100"}, "data": {}}]}, {"name": "Track63", "providerId": "image", "assetUrl": "minionThinking.png", "keyframes": [{"dispNum": "1", "time": "19", "opacity": "0", "size": {"x":"100", "y" : "100"},"pos": {"x":"100", "y":"100"}, "data": {}}, {"dispNum": "1", "time": "25", "opacity": "1", "size": {"x":"100", "y" : "100"},"pos": {"x":"100", "y":"100"}, "data": {}}, {"dispNum": "1", "time": "26", "opacity": "1", "size": {"x":"100", "y" : "100"},"pos": {"x":"100", "y":"100"}, "data": {}}, {"dispNum": "1", "time": "27", "opacity": "0", "size": {"x":"100", "y" : "100"},"pos": {"x":"100", "y":"100"}, "data": {}}]}, {"name": "Track64", "providerId": "image", "assetUrl": "minionWriting.png", "keyframes": [{"dispNum": "1", "time": "27", "opacity": "0", "size": {"x":"100", "y" : "100"},"pos": {"x":"100", "y":"100"}, "data": {}}, {"dispNum": "1", "time": "28", "opacity": "1", "size": {"x":"100", "y" : "100"},"pos": {"x":"100", "y":"100"}, "data": {}}, {"dispNum": "1", "time": "29", "opacity": "1", "size": {"x":"100", "y" : "100"},"pos": {"x":"100", "y":"100"}, "data": {}}, {"dispNum": "1", "time": "30", "opacity": "0", "size": {"x":"100", "y" : "100"},"pos": {"x":"100", "y":"100"}, "data": {}}]}, {"name": "Track65", "providerId": "image", "assetUrl": "minionBananas.png", "keyframes": [{"dispNum": "1", "time": "19", "opacity": "0", "size": {"x":"100", "y" : "100"},"pos": {"x":"100", "y":"100"}, "data": {}}, {"dispNum": "1", "time": "20", "opacity": "1", "size": {"x":"100", "y" : "100"},"pos": {"x":"100", "y":"100"}, "data": {}}, {"dispNum": "1", "time": "21", "opacity": "1", "size": {"x":"100", "y" : "100"},"pos": {"x":"100", "y":"100"}, "data": {}}, {"dispNum": "1", "time": "22", "opacity": "0", "size": {"x":"100", "y" : "100"},"pos": {"x":"100", "y":"100"}, "data": {}}, {"dispNum": "2", "time": "24", "opacity": "0", "size": {"x":"100", "y" : "100"},"pos": {"x":"100", "y":"100"}, "data": {}}, {"dispNum": "2", "time": "25", "opacity": "1", "size": {"x":"100", "y" : "100"},"pos": {"x":"100", "y":"100"}, "data": {}}, {"dispNum": "2", "time": "28", "opacity": "1", "size": {"x":"77", "y" : "34"},"pos": {"x":"-53", "y":"4"}, "data": {}}, {"dispNum": "2", "time": "29", "opacity": "1", "size": {"x":"77", "y" : "34"},"pos": {"x":"-53", "y":"4"}, "data": {}}, {"dispNum": "2", "time": "30", "opacity": "0", "size": {"x":"77", "y" : "34"},"pos": {"x":"-53", "y":"4"}, "data": {}}]}, {"name": "Track66", "providerId": "image", "assetUrl": "minionHole.png", "keyframes": [{"dispNum": "1", "time": "22", "opacity": "0", "size": {"x":"100", "y" : "100"},"pos": {"x":"100", "y":"100"}, "data": {}}, {"dispNum": "1", "time": "23", "opacity": "1", "size": {"x":"100", "y" : "100"},"pos": {"x":"100", "y":"100"}, "data": {}}, {"dispNum": "1", "time": "24", "opacity": "1", "size": {"x":"100", "y" : "100"},"pos": {"x":"100", "y":"100"}, "data": {}}, {"dispNum": "1", "time": "25", "opacity": "0", "size": {"x":"100", "y" : "100"},"pos": {"x":"100", "y":"100"}, "data": {}}]}, {"name": "Track67", "providerId": "image", "assetUrl": "minionMoreBananas.png", "keyframes": [{"dispNum": "1", "time": "22", "opacity": "0", "size": {"x":"100", "y" : "100"},"pos": {"x":"100", "y":"100"}, "data": {}}, {"dispNum": "1", "time": "23", "opacity": "1", "size": {"x":"100", "y" : "100"},"pos": {"x":"100", "y":"100"}, "data": {}}, {"dispNum": "1", "time": "27", "opacity": "1", "size": {"x":"100", "y" : "100"},"pos": {"x":"100", "y":"100"}, "data": {}}, {"dispNum": "1", "time": "28", "opacity": "0", "size": {"x":"100", "y" : "100"},"pos": {"x":"100", "y":"100"}, "data": {}}]}, {"name": "Track68", "providerId": "image", "assetUrl": "minionThinking.png", "keyframes": [{"dispNum": "1", "time": "21", "opacity": "0", "size": {"x":"100", "y" : "100"},"pos": {"x":"100", "y":"100"}, "data": {}}, {"dispNum": "1", "time": "25", "opacity": "1", "size": {"x":"100", "y" : "100"},"pos": {"x":"100", "y":"100"}, "data": {}}, {"dispNum": "1", "time": "26", "opacity": "1", "size": {"x":"100", "y" : "100"},"pos": {"x":"100", "y":"100"}, "data": {}}, {"dispNum": "1", "time": "27", "opacity": "0", "size": {"x":"100", "y" : "100"},"pos": {"x":"100", "y":"100"}, "data": {}}]}, {"name": "Track69", "providerId": "image", "assetUrl": "minionWriting.png", "keyframes": [{"dispNum": "1", "time": "24", "opacity": "0", "size": {"x":"100", "y" : "100"},"pos": {"x":"100", "y":"100"}, "data": {}}, {"dispNum": "1", "time": "27", "opacity": "1", "size": {"x":"100", "y" : "100"},"pos": {"x":"100", "y":"100"}, "data": {}}, {"dispNum": "1", "time": "28", "opacity": "1", "size": {"x":"100", "y" : "100"},"pos": {"x":"100", "y":"100"}, "data": {}}, {"dispNum": "1", "time": "29", "opacity": "0", "size": {"x":"100", "y" : "100"},"pos": {"x":"100", "y":"100"}, "data": {}}]}, {"name": "Track70", "providerId": "image", "assetUrl": "minionBananas.png", "keyframes": [{"dispNum": "1", "time": "5", "opacity": "0", "size": {"x":"100", "y" : "100"},"pos": {"x":"100", "y":"100"}, "data": {}}, {"dispNum": "1", "time": "6", "opacity": "1", "size": {"x":"100", "y" : "100"},"pos": {"x":"100", "y":"100"}, "data": {}}, {"dispNum": "1", "time": "8", "opacity": "1", "size": {"x":"100", "y" : "100"},"pos": {"x":"100", "y":"100"}, "data": {}}, {"dispNum": "1", "time": "10", "opacity": "0", "size": {"x":"100", "y" : "100"},"pos": {"x":"100", "y":"100"}, "data": {}}, {"dispNum": "2", "time": "11", "opacity": "0", "size": {"x":"100", "y" : "100"},"pos": {"x":"100", "y":"100"}, "data": {}}, {"dispNum": "2", "time": "13", "opacity": "1", "size": {"x":"100", "y" : "100"},"pos": {"x":"100", "y":"100"}, "data": {}}, {"dispNum": "2", "time": "14", "opacity": "1", "size": {"x":"100", "y" : "100"},"pos": {"x":"100", "y":"100"}, "data": {}}, {"dispNum": "2", "time": "15", "opacity": "0", "size": {"x":"100", "y" : "100"},"pos": {"x":"100", "y":"100"}, "data": {}}, {"dispNum": "3", "time": "27", "opacity": "0", "size": {"x":"100", "y" : "100"},"pos": {"x":"100", "y":"100"}, "data": {}}, {"dispNum": "3", "time": "28", "opacity": "1", "size": {"x":"100", "y" : "100"},"pos": {"x":"100", "y":"100"}, "data": {}}, {"dispNum": "3", "time": "29", "opacity": "1", "size": {"x":"100", "y" : "100"},"pos": {"x":"100", "y":"100"}, "data": {}}, {"dispNum": "3", "time": "30", "opacity": "0", "size": {"x":"100", "y" : "100"},"pos": {"x":"100", "y":"100"}, "data": {}}]}, {"name": "Track71", "providerId": "image", "assetUrl": "minionHole.png", "keyframes": [{"dispNum": "1", "time": "25", "opacity": "0", "size": {"x":"100", "y" : "100"},"pos": {"x":"100", "y":"100"}, "data": {}}, {"dispNum": "1", "time": "26", "opacity": "1", "size": {"x":"100", "y" : "100"},"pos": {"x":"100", "y":"100"}, "data": {}}, {"dispNum": "1", "time": "27", "opacity": "1", "size": {"x":"100", "y" : "100"},"pos": {"x":"100", "y":"100"}, "data": {}}, {"dispNum": "1", "time": "28", "opacity": "0", "size": {"x":"100", "y" : "100"},"pos": {"x":"100", "y":"100"}, "data": {}}]}, {"name": "Track72", "providerId": "image", "assetUrl": "minionMoreBananas.png", "keyframes": [{"dispNum": "1", "time": "12", "opacity": "0", "size": {"x":"100", "y" : "100"},"pos": {"x":"100", "y":"100"}, "data": {}}, {"dispNum": "1", "time": "13", "opacity": "1", "size": {"x":"100", "y" : "100"},"pos": {"x":"100", "y":"100"}, "data": {}}, {"dispNum": "1", "time": "16", "opacity": "1", "size": {"x":"100", "y" : "100"},"pos": {"x":"100", "y":"100"}, "data": {}}, {"dispNum": "1", "time": "21", "opacity": "0", "size": {"x":"100", "y" : "100"},"pos": {"x":"100", "y":"100"}, "data": {}}]}, {"name": "Track73", "providerId": "image", "assetUrl": "minionThinking.png", "keyframes": [{"dispNum": "1", "time": "3", "opacity": "0", "size": {"x":"100", "y" : "100"},"pos": {"x":"100", "y":"100"}, "data": {}}, {"dispNum": "1", "time": "6", "opacity": "1", "size": {"x":"100", "y" : "100"},"pos": {"x":"100", "y":"100"}, "data": {}}, {"dispNum": "1", "time": "12", "opacity": "1", "size": {"x":"100", "y" : "100"},"pos": {"x":"100", "y":"100"}, "data": {}}, {"dispNum": "1", "time": "16", "opacity": "0", "size": {"x":"100", "y" : "100"},"pos": {"x":"100", "y":"100"}, "data": {}}, {"dispNum": "2", "time": "17", "opacity": "0", "size": {"x":"100", "y" : "100"},"pos": {"x":"100", "y":"100"}, "data": {}}, {"dispNum": "2", "time": "19", "opacity": "1", "size": {"x":"100", "y" : "100"},"pos": {"x":"100", "y":"100"}, "data": {}}, {"dispNum": "2", "time": "23", "opacity": "1", "size": {"x":"73", "y" : "94"},"pos": {"x":"18", "y":"62"}, "data": {}}, {"dispNum": "2", "time": "28", "opacity": "1", "size": {"x":"73", "y" : "94"},"pos": {"x":"18", "y":"62"}, "data": {}}, {"dispNum": "2", "time": "30", "opacity": "0", "size": {"x":"73", "y" : "94"},"pos": {"x":"18", "y":"62"}, "data": {}}]}, {"name": "Track74", "providerId": "image", "assetUrl": "minionWriting.png", "keyframes": [{"dispNum": "1", "time": "3", "opacity": "0", "size": {"x":"100", "y" : "100"},"pos": {"x":"100", "y":"100"}, "data": {}}, {"dispNum": "1", "time": "9", "opacity": "1", "size": {"x":"100", "y" : "100"},"pos": {"x":"100", "y":"100"}, "data": {}}, {"dispNum": "1", "time": "10", "opacity": "1", "size": {"x":"100", "y" : "100"},"pos": {"x":"100", "y":"100"}, "data": {}}, {"dispNum": "1", "time": "11", "opacity": "0", "size": {"x":"100", "y" : "100"},"pos": {"x":"100", "y":"100"}, "data": {}}, {"dispNum": "2", "time": "12", "opacity": "0", "size": {"x":"100", "y" : "100"},"pos": {"x":"100", "y":"100"}, "data": {}}, {"dispNum": "2", "time": "20", "opacity": "1", "size": {"x":"100", "y" : "100"},"pos": {"x":"100", "y":"100"}, "data": {}}, {"dispNum": "2", "time": "27", "opacity": "1", "size": {"x":"100", "y" : "100"},"pos": {"x":"100", "y":"100"}, "data": {}}, {"dispNum": "2", "time": "29", "opacity": "0", "size": {"x":"100", "y" : "100"},"pos": {"x":"100", "y":"100"}, "data": {}}]}, {"name": "Track75", "providerId": "image", "assetUrl": "minionBananas.png", "keyframes": [{"dispNum": "1", "time": "0", "opacity": "0", "size": {"x":"100", "y" : "100"},"pos": {"x":"100", "y":"100"}, "data": {}}, {"dispNum": "1", "time": "3", "opacity": "1", "size": {"x":"100", "y" : "100"},"pos": {"x":"100", "y":"100"}, "data": {}}, {"dispNum": "1", "time": "18", "opacity": "1", "size": {"x":"64", "y" : "41"},"pos": {"x":"19", "y":"-70"}, "data": {}}, {"dispNum": "1", "time": "19", "opacity": "1", "size": {"x":"69", "y" : "87"},"pos": {"x":"-96", "y":"20"}, "data": {}}, {"dispNum": "1", "time": "20", "opacity": "1", "size": {"x":"69", "y" : "87"},"pos": {"x":"-96", "y":"20"}, "data": {}}, {"dispNum": "1", "time": "22", "opacity": "0", "size": {"x":"69", "y" : "87"},"pos": {"x":"-96", "y":"20"}, "data": {}}, {"dispNum": "2", "time": "26", "opacity": "0", "size": {"x":"100", "y" : "100"},"pos": {"x":"100", "y":"100"}, "data": {}}, {"dispNum": "2", "time": "27", "opacity": "1", "size": {"x":"100", "y" : "100"},"pos": {"x":"100", "y":"100"}, "data": {}}, {"dispNum": "2", "time": "28", "opacity": "1", "size": {"x":"100", "y" : "100"},"pos": {"x":"100", "y":"100"}, "data": {}}, {"dispNum": "2", "time": "29", "opacity": "0", "size": {"x":"100", "y" : "100"},"pos": {"x":"100", "y":"100"}, "data": {}}]}, {"name": "Track76", "providerId": "image", "assetUrl": "minionHole.png", "keyframes": [{"dispNum": "1", "time": "24", "opacity": "0", "size": {"x":"100", "y" : "100"},"pos": {"x":"100", "y":"100"}, "data": {}}, {"dispNum": "1", "time": "27", "opacity": "1", "size": {"x":"100", "y" : "100"},"pos": {"x":"100", "y":"100"}, "data": {}}, {"dispNum": "1", "time": "28", "opacity": "1", "size": {"x":"100", "y" : "100"},"pos": {"x":"100", "y":"100"}, "data": {}}, {"dispNum": "1", "time": "29", "opacity": "0", "size": {"x":"100", "y" : "100"},"pos": {"x":"100", "y":"100"}, "data": {}}]}, {"name": "Track77", "providerId": "image", "assetUrl": "minionMoreBananas.png", "keyframes": [{"dispNum": "1", "time": "13", "opacity": "0", "size": {"x":"100", "y" : "100"},"pos": {"x":"100", "y":"100"}, "data": {}}, {"dispNum": "1", "time": "19", "opacity": "1", "size": {"x":"100", "y" : "100"},"pos": {"x":"100", "y":"100"}, "data": {}}, {"dispNum": "1", "time": "20", "opacity": "1", "size": {"x":"36", "y" : "62"},"pos": {"x":"12", "y":"3"}, "data": {}}, {"dispNum": "1", "time": "22", "opacity": "1", "size": {"x":"36", "y" : "62"},"pos": {"x":"12", "y":"3"}, "data": {}}, {"dispNum": "1", "time": "23", "opacity": "0", "size": {"x":"36", "y" : "62"},"pos": {"x":"12", "y":"3"}, "data": {}}, {"dispNum": "2", "time": "24", "opacity": "0", "size": {"x":"100", "y" : "100"},"pos": {"x":"100", "y":"100"}, "data": {}}, {"dispNum": "2", "time": "27", "opacity": "1", "size": {"x":"100", "y" : "100"},"pos": {"x":"100", "y":"100"}, "data": {}}, {"dispNum": "2", "time": "28", "opacity": "1", "size": {"x":"100", "y" : "100"},"pos": {"x":"100", "y":"100"}, "data": {}}, {"dispNum": "2", "time": "29", "opacity": "0", "size": {"x":"100", "y" : "100"},"pos": {"x":"100", "y":"100"}, "data": {}}]}, {"name": "Track78", "providerId": "image", "assetUrl": "minionThinking.png", "keyframes": [{"dispNum": "1", "time": "20", "opacity": "0", "size": {"x":"100", "y" : "100"},"pos": {"x":"100", "y":"100"}, "data": {}}, {"dispNum": "1", "time": "21", "opacity": "1", "size": {"x":"100", "y" : "100"},"pos": {"x":"100", "y":"100"}, "data": {}}, {"dispNum": "1", "time": "27", "opacity": "1", "size": {"x":"100", "y" : "100"},"pos": {"x":"100", "y":"100"}, "data": {}}, {"dispNum": "1", "time": "28", "opacity": "0", "size": {"x":"100", "y" : "100"},"pos": {"x":"100", "y":"100"}, "data": {}}]}, {"name": "Track79", "providerId": "image", "assetUrl": "minionWriting.png", "keyframes": [{"dispNum": "1", "time": "1", "opacity": "0", "size": {"x":"100", "y" : "100"},"pos": {"x":"100", "y":"100"}, "data": {}}, {"dispNum": "1", "time": "2", "opacity": "1", "size": {"x":"100", "y" : "100"},"pos": {"x":"100", "y":"100"}, "data": {}}, {"dispNum": "1", "time": "17", "opacity": "1", "size": {"x":"34", "y" : "42"},"pos": {"x":"-27", "y":"-93"}, "data": {}}, {"dispNum": "1", "time": "24", "opacity": "1", "size": {"x":"34", "y" : "42"},"pos": {"x":"-27", "y":"-93"}, "data": {}}, {"dispNum": "1", "time": "27", "opacity": "0", "size": {"x":"34", "y" : "42"},"pos": {"x":"-27", "y":"-93"}, "data": {}}]}]}