{"tourTitle":"TempTour" , "tracks": [       {
            "name": "Track1",
            "providerId": "deepZoom",
            "assetUrl": "deepzoomsky/GeneratedImages/dzc_output.xml",
            "keyframes": [
                {
                    "dispNum": "1",
                    "time": "0",
                    "opacity": "0",
                    "scale":"1",
                    "pos": {
                        "x": "0.005",
                        "y": "0.005"
                    },
                    "data": {}
                },
                                {
                    "dispNum": "1",
                    "time": "2",
                    "opacity": "1",
                    "scale":"1",
                    "pos": {
                        "x": "0.005",
                        "y": "0.005"
                    },
                    "data": {}
                },
                {
                    "dispNum": "1",
                    "time": "4",
                    "opacity": "1",
                    "scale":".4",
                    "pos": {
                        "x": ".3",
                        "y": ".4"
                    },
                    "data": {}
                },
                {
                    "dispNum": "1",
                    "time": "15",
                    "opacity": "1",
                    "scale":".4",
                    "pos": {
                        "x": ".3",
                        "y": "0"
                    },
                    "data": {}
                },
                {
                    "dispNum": "1",
                    "time": "30",
                    "opacity": "0",
                    "scale":".4",
                    "pos": {
                        "x": ".6",
                        "y": ".2"
                    },
                    "data": {}
                }
            ]
        },
        {"name": "Track0", "providerId": "image", "assetUrl": "minionBananas.png", "keyframes": [{"dispNum": "1", "time": "12", "opacity": "0", "size": {"x":"100", "y" : "100"},"pos": {"x":"100", "y":"100"}, "data": {}}, {"dispNum": "1", "time": "13", "opacity": "1", "size": {"x":"100", "y" : "100"},"pos": {"x":"100", "y":"100"}, "data": {}}, {"dispNum": "1", "time": "20", "opacity": "1", "size": {"x":"38", "y" : "90"},"pos": {"x":"100", "y":"64"}, "data": {}}, {"dispNum": "1", "time": "26", "opacity": "1", "size": {"x":"38", "y" : "90"},"pos": {"x":"100", "y":"64"}, "data": {}}, {"dispNum": "1", "time": "27", "opacity": "0", "size": {"x":"38", "y" : "90"},"pos": {"x":"100", "y":"64"}, "data": {}}]}, {"name": "Track1", "providerId": "image", "assetUrl": "minionHole.png", "keyframes": [{"dispNum": "1", "time": "19", "opacity": "0", "size": {"x":"100", "y" : "100"},"pos": {"x":"100", "y":"100"}, "data": {}}, {"dispNum": "1", "time": "22", "opacity": "1", "size": {"x":"100", "y" : "100"},"pos": {"x":"100", "y":"100"}, "data": {}}, {"dispNum": "1", "time": "24", "opacity": "1", "size": {"x":"100", "y" : "100"},"pos": {"x":"100", "y":"100"}, "data": {}}, {"dispNum": "1", "time": "26", "opacity": "0", "size": {"x":"100", "y" : "100"},"pos": {"x":"100", "y":"100"}, "data": {}}]}, {"name": "Track2", "providerId": "image", "assetUrl": "minionMoreBananas.png", "keyframes": [{"dispNum": "1", "time": "12", "opacity": "0", "size": {"x":"100", "y" : "100"},"pos": {"x":"100", "y":"100"}, "data": {}}, {"dispNum": "1", "time": "13", "opacity": "1", "size": {"x":"100", "y" : "100"},"pos": {"x":"100", "y":"100"}, "data": {}}, {"dispNum": "1", "time": "14", "opacity": "1", "size": {"x":"100", "y" : "100"},"pos": {"x":"100", "y":"100"}, "data": {}}, {"dispNum": "1", "time": "17", "opacity": "0", "size": {"x":"100", "y" : "100"},"pos": {"x":"100", "y":"100"}, "data": {}}, {"dispNum": "2", "time": "21", "opacity": "0", "size": {"x":"100", "y" : "100"},"pos": {"x":"100", "y":"100"}, "data": {}}, {"dispNum": "2", "time": "22", "opacity": "1", "size": {"x":"100", "y" : "100"},"pos": {"x":"100", "y":"100"}, "data": {}}, {"dispNum": "2", "time": "23", "opacity": "1", "size": {"x":"72", "y" : "70"},"pos": {"x":"57", "y":"74"}, "data": {}}, {"dispNum": "2", "time": "24", "opacity": "1", "size": {"x":"72", "y" : "70"},"pos": {"x":"57", "y":"74"}, "data": {}}, {"dispNum": "2", "time": "25", "opacity": "0", "size": {"x":"72", "y" : "70"},"pos": {"x":"57", "y":"74"}, "data": {}}, {"dispNum": "3", "time": "27", "opacity": "0", "size": {"x":"100", "y" : "100"},"pos": {"x":"100", "y":"100"}, "data": {}}, {"dispNum": "3", "time": "28", "opacity": "1", "size": {"x":"100", "y" : "100"},"pos": {"x":"100", "y":"100"}, "data": {}}, {"dispNum": "3", "time": "29", "opacity": "1", "size": {"x":"100", "y" : "100"},"pos": {"x":"100", "y":"100"}, "data": {}}, {"dispNum": "3", "time": "30", "opacity": "0", "size": {"x":"100", "y" : "100"},"pos": {"x":"100", "y":"100"}, "data": {}}]}, {"name": "Track3", "providerId": "image", "assetUrl": "minionThinking.png", "keyframes": [{"dispNum": "1", "time": "22", "opacity": "0", "size": {"x":"100", "y" : "100"},"pos": {"x":"100", "y":"100"}, "data": {}}, {"dispNum": "1", "time": "23", "opacity": "1", "size": {"x":"100", "y" : "100"},"pos": {"x":"100", "y":"100"}, "data": {}}, {"dispNum": "1", "time": "25", "opacity": "1", "size": {"x":"100", "y" : "100"},"pos": {"x":"100", "y":"100"}, "data": {}}, {"dispNum": "1", "time": "26", "opacity": "0", "size": {"x":"100", "y" : "100"},"pos": {"x":"100", "y":"100"}, "data": {}}, {"dispNum": "2", "time": "27", "opacity": "0", "size": {"x":"100", "y" : "100"},"pos": {"x":"100", "y":"100"}, "data": {}}, {"dispNum": "2", "time": "28", "opacity": "1", "size": {"x":"100", "y" : "100"},"pos": {"x":"100", "y":"100"}, "data": {}}, {"dispNum": "2", "time": "29", "opacity": "1", "size": {"x":"100", "y" : "100"},"pos": {"x":"100", "y":"100"}, "data": {}}, {"dispNum": "2", "time": "30", "opacity": "0", "size": {"x":"100", "y" : "100"},"pos": {"x":"100", "y":"100"}, "data": {}}]}, {"name": "Track4", "providerId": "image", "assetUrl": "minionWriting.png", "keyframes": [{"dispNum": "1", "time": "6", "opacity": "0", "size": {"x":"100", "y" : "100"},"pos": {"x":"100", "y":"100"}, "data": {}}, {"dispNum": "1", "time": "16", "opacity": "1", "size": {"x":"100", "y" : "100"},"pos": {"x":"100", "y":"100"}, "data": {}}, {"dispNum": "1", "time": "24", "opacity": "1", "size": {"x":"87", "y" : "59"},"pos": {"x":"77", "y":"45"}, "data": {}}, {"dispNum": "1", "time": "26", "opacity": "1", "size": {"x":"53", "y" : "36"},"pos": {"x":"55", "y":"31"}, "data": {}}, {"dispNum": "1", "time": "29", "opacity": "1", "size": {"x":"53", "y" : "36"},"pos": {"x":"55", "y":"31"}, "data": {}}, {"dispNum": "1", "time": "30", "opacity": "0", "size": {"x":"53", "y" : "36"},"pos": {"x":"55", "y":"31"}, "data": {}}]}, {"name": "Track5", "providerId": "image", "assetUrl": "minionBananas.png", "keyframes": [{"dispNum": "1", "time": "24", "opacity": "0", "size": {"x":"100", "y" : "100"},"pos": {"x":"100", "y":"100"}, "data": {}}, {"dispNum": "1", "time": "26", "opacity": "1", "size": {"x":"100", "y" : "100"},"pos": {"x":"100", "y":"100"}, "data": {}}, {"dispNum": "1", "time": "27", "opacity": "1", "size": {"x":"100", "y" : "100"},"pos": {"x":"100", "y":"100"}, "data": {}}, {"dispNum": "1", "time": "28", "opacity": "0", "size": {"x":"100", "y" : "100"},"pos": {"x":"100", "y":"100"}, "data": {}}]}, {"name": "Track6", "providerId": "image", "assetUrl": "minionHole.png", "keyframes": [{"dispNum": "1", "time": "25", "opacity": "0", "size": {"x":"100", "y" : "100"},"pos": {"x":"100", "y":"100"}, "data": {}}, {"dispNum": "1", "time": "26", "opacity": "1", "size": {"x":"100", "y" : "100"},"pos": {"x":"100", "y":"100"}, "data": {}}, {"dispNum": "1", "time": "28", "opacity": "1", "size": {"x":"100", "y" : "100"},"pos": {"x":"100", "y":"100"}, "data": {}}, {"dispNum": "1", "time": "29", "opacity": "0", "size": {"x":"100", "y" : "100"},"pos": {"x":"100", "y":"100"}, "data": {}}]}, {"name": "Track7", "providerId": "image", "assetUrl": "minionMoreBananas.png", "keyframes": [{"dispNum": "1", "time": "13", "opacity": "0", "size": {"x":"100", "y" : "100"},"pos": {"x":"100", "y":"100"}, "data": {}}, {"dispNum": "1", "time": "15", "opacity": "1", "size": {"x":"100", "y" : "100"},"pos": {"x":"100", "y":"100"}, "data": {}}, {"dispNum": "1", "time": "21", "opacity": "1", "size": {"x":"51", "y" : "50"},"pos": {"x":"59", "y":"72"}, "data": {}}, {"dispNum": "1", "time": "22", "opacity": "1", "size": {"x":"51", "y" : "50"},"pos": {"x":"59", "y":"72"}, "data": {}}, {"dispNum": "1", "time": "23", "opacity": "0", "size": {"x":"51", "y" : "50"},"pos": {"x":"59", "y":"72"}, "data": {}}, {"dispNum": "2", "time": "27", "opacity": "0", "size": {"x":"100", "y" : "100"},"pos": {"x":"100", "y":"100"}, "data": {}}, {"dispNum": "2", "time": "28", "opacity": "1", "size": {"x":"100", "y" : "100"},"pos": {"x":"100", "y":"100"}, "data": {}}, {"dispNum": "2", "time": "29", "opacity": "1", "size": {"x":"100", "y" : "100"},"pos": {"x":"100", "y":"100"}, "data": {}}, {"dispNum": "2", "time": "30", "opacity": "0", "size": {"x":"100", "y" : "100"},"pos": {"x":"100", "y":"100"}, "data": {}}]}, {"name": "Track8", "providerId": "image", "assetUrl": "minionThinking.png", "keyframes": [{"dispNum": "1", "time": "20", "opacity": "0", "size": {"x":"100", "y" : "100"},"pos": {"x":"100", "y":"100"}, "data": {}}, {"dispNum": "1", "time": "22", "opacity": "1", "size": {"x":"100", "y" : "100"},"pos": {"x":"100", "y":"100"}, "data": {}}, {"dispNum": "1", "time": "23", "opacity": "1", "size": {"x":"34", "y" : "50"},"pos": {"x":"36", "y":"64"}, "data": {}}, {"dispNum": "1", "time": "24", "opacity": "1", "size": {"x":"34", "y" : "50"},"pos": {"x":"36", "y":"64"}, "data": {}}, {"dispNum": "1", "time": "25", "opacity": "0", "size": {"x":"34", "y" : "50"},"pos": {"x":"36", "y":"64"}, "data": {}}, {"dispNum": "2", "time": "27", "opacity": "0", "size": {"x":"100", "y" : "100"},"pos": {"x":"100", "y":"100"}, "data": {}}, {"dispNum": "2", "time": "28", "opacity": "1", "size": {"x":"100", "y" : "100"},"pos": {"x":"100", "y":"100"}, "data": {}}, {"dispNum": "2", "time": "29", "opacity": "1", "size": {"x":"100", "y" : "100"},"pos": {"x":"100", "y":"100"}, "data": {}}, {"dispNum": "2", "time": "30", "opacity": "0", "size": {"x":"100", "y" : "100"},"pos": {"x":"100", "y":"100"}, "data": {}}]}, {"name": "Track9", "providerId": "image", "assetUrl": "minionWriting.png", "keyframes": [{"dispNum": "1", "time": "9", "opacity": "0", "size": {"x":"100", "y" : "100"},"pos": {"x":"100", "y":"100"}, "data": {}}, {"dispNum": "1", "time": "14", "opacity": "1", "size": {"x":"100", "y" : "100"},"pos": {"x":"100", "y":"100"}, "data": {}}, {"dispNum": "1", "time": "18", "opacity": "1", "size": {"x":"89", "y" : "87"},"pos": {"x":"37", "y":"33"}, "data": {}}, {"dispNum": "1", "time": "20", "opacity": "1", "size": {"x":"89", "y" : "87"},"pos": {"x":"37", "y":"33"}, "data": {}}, {"dispNum": "1", "time": "21", "opacity": "0", "size": {"x":"89", "y" : "87"},"pos": {"x":"37", "y":"33"}, "data": {}}, {"dispNum": "2", "time": "26", "opacity": "0", "size": {"x":"100", "y" : "100"},"pos": {"x":"100", "y":"100"}, "data": {}}, {"dispNum": "2", "time": "27", "opacity": "1", "size": {"x":"100", "y" : "100"},"pos": {"x":"100", "y":"100"}, "data": {}}, {"dispNum": "2", "time": "28", "opacity": "1", "size": {"x":"100", "y" : "100"},"pos": {"x":"100", "y":"100"}, "data": {}}, {"dispNum": "2", "time": "29", "opacity": "0", "size": {"x":"100", "y" : "100"},"pos": {"x":"100", "y":"100"}, "data": {}}]}, {"name": "Track10", "providerId": "image", "assetUrl": "minionBananas.png", "keyframes": [{"dispNum": "1", "time": "3", "opacity": "0", "size": {"x":"100", "y" : "100"},"pos": {"x":"100", "y":"100"}, "data": {}}, {"dispNum": "1", "time": "22", "opacity": "1", "size": {"x":"100", "y" : "100"},"pos": {"x":"100", "y":"100"}, "data": {}}, {"dispNum": "1", "time": "25", "opacity": "1", "size": {"x":"100", "y" : "100"},"pos": {"x":"100", "y":"100"}, "data": {}}, {"dispNum": "1", "time": "28", "opacity": "0", "size": {"x":"100", "y" : "100"},"pos": {"x":"100", "y":"100"}, "data": {}}]}, {"name": "Track11", "providerId": "image", "assetUrl": "minionHole.png", "keyframes": [{"dispNum": "1", "time": "4", "opacity": "0", "size": {"x":"100", "y" : "100"},"pos": {"x":"100", "y":"100"}, "data": {}}, {"dispNum": "1", "time": "6", "opacity": "1", "size": {"x":"100", "y" : "100"},"pos": {"x":"100", "y":"100"}, "data": {}}, {"dispNum": "1", "time": "8", "opacity": "1", "size": {"x":"100", "y" : "100"},"pos": {"x":"100", "y":"100"}, "data": {}}, {"dispNum": "1", "time": "9", "opacity": "0", "size": {"x":"100", "y" : "100"},"pos": {"x":"100", "y":"100"}, "data": {}}]}, {"name": "Track12", "providerId": "image", "assetUrl": "minionMoreBananas.png", "keyframes": [{"dispNum": "1", "time": "7", "opacity": "0", "size": {"x":"100", "y" : "100"},"pos": {"x":"100", "y":"100"}, "data": {}}, {"dispNum": "1", "time": "27", "opacity": "1", "size": {"x":"100", "y" : "100"},"pos": {"x":"100", "y":"100"}, "data": {}}, {"dispNum": "1", "time": "28", "opacity": "1", "size": {"x":"100", "y" : "100"},"pos": {"x":"100", "y":"100"}, "data": {}}, {"dispNum": "1", "time": "29", "opacity": "0", "size": {"x":"100", "y" : "100"},"pos": {"x":"100", "y":"100"}, "data": {}}]}, {"name": "Track13", "providerId": "image", "assetUrl": "minionThinking.png", "keyframes": [{"dispNum": "1", "time": "27", "opacity": "0", "size": {"x":"100", "y" : "100"},"pos": {"x":"100", "y":"100"}, "data": {}}, {"dispNum": "1", "time": "28", "opacity": "1", "size": {"x":"100", "y" : "100"},"pos": {"x":"100", "y":"100"}, "data": {}}, {"dispNum": "1", "time": "29", "opacity": "1", "size": {"x":"100", "y" : "100"},"pos": {"x":"100", "y":"100"}, "data": {}}, {"dispNum": "1", "time": "30", "opacity": "0", "size": {"x":"100", "y" : "100"},"pos": {"x":"100", "y":"100"}, "data": {}}]}, {"name": "Track14", "providerId": "image", "assetUrl": "minionWriting.png", "keyframes": [{"dispNum": "1", "time": "6", "opacity": "0", "size": {"x":"100", "y" : "100"},"pos": {"x":"100", "y":"100"}, "data": {}}, {"dispNum": "1", "time": "12", "opacity": "1", "size": {"x":"100", "y" : "100"},"pos": {"x":"100", "y":"100"}, "data": {}}, {"dispNum": "1", "time": "13", "opacity": "1", "size": {"x":"100", "y" : "100"},"pos": {"x":"100", "y":"100"}, "data": {}}, {"dispNum": "1", "time": "15", "opacity": "0", "size": {"x":"100", "y" : "100"},"pos": {"x":"100", "y":"100"}, "data": {}}, {"dispNum": "2", "time": "22", "opacity": "0", "size": {"x":"100", "y" : "100"},"pos": {"x":"100", "y":"100"}, "data": {}}, {"dispNum": "2", "time": "23", "opacity": "1", "size": {"x":"100", "y" : "100"},"pos": {"x":"100", "y":"100"}, "data": {}}, {"dispNum": "2", "time": "24", "opacity": "1", "size": {"x":"67", "y" : "66"},"pos": {"x":"81", "y":"78"}, "data": {}}, {"dispNum": "2", "time": "25", "opacity": "1", "size": {"x":"93", "y" : "34"},"pos": {"x":"85", "y":"89"}, "data": {}}, {"dispNum": "2", "time": "27", "opacity": "1", "size": {"x":"93", "y" : "34"},"pos": {"x":"85", "y":"89"}, "data": {}}, {"dispNum": "2", "time": "28", "opacity": "0", "size": {"x":"93", "y" : "34"},"pos": {"x":"85", "y":"89"}, "data": {}}]}, {"name": "Track15", "providerId": "image", "assetUrl": "minionBananas.png", "keyframes": [{"dispNum": "1", "time": "26", "opacity": "0", "size": {"x":"100", "y" : "100"},"pos": {"x":"100", "y":"100"}, "data": {}}, {"dispNum": "1", "time": "27", "opacity": "1", "size": {"x":"100", "y" : "100"},"pos": {"x":"100", "y":"100"}, "data": {}}, {"dispNum": "1", "time": "28", "opacity": "1", "size": {"x":"100", "y" : "100"},"pos": {"x":"100", "y":"100"}, "data": {}}, {"dispNum": "1", "time": "29", "opacity": "0", "size": {"x":"100", "y" : "100"},"pos": {"x":"100", "y":"100"}, "data": {}}]}, {"name": "Track16", "providerId": "image", "assetUrl": "minionHole.png", "keyframes": [{"dispNum": "1", "time": "10", "opacity": "0", "size": {"x":"100", "y" : "100"},"pos": {"x":"100", "y":"100"}, "data": {}}, {"dispNum": "1", "time": "15", "opacity": "1", "size": {"x":"100", "y" : "100"},"pos": {"x":"100", "y":"100"}, "data": {}}, {"dispNum": "1", "time": "17", "opacity": "1", "size": {"x":"89", "y" : "91"},"pos": {"x":"65", "y":"73"}, "data": {}}, {"dispNum": "1", "time": "22", "opacity": "1", "size": {"x":"93", "y" : "46"},"pos": {"x":"99", "y":"43"}, "data": {}}, {"dispNum": "1", "time": "23", "opacity": "1", "size": {"x":"83", "y" : "92"},"pos": {"x":"63", "y":"88"}, "data": {}}, {"dispNum": "1", "time": "24", "opacity": "1", "size": {"x":"81", "y" : "33"},"pos": {"x":"77", "y":"31"}, "data": {}}, {"dispNum": "1", "time": "25", "opacity": "1", "size": {"x":"81", "y" : "33"},"pos": {"x":"77", "y":"31"}, "data": {}}, {"dispNum": "1", "time": "26", "opacity": "0", "size": {"x":"81", "y" : "33"},"pos": {"x":"77", "y":"31"}, "data": {}}, {"dispNum": "2", "time": "27", "opacity": "0", "size": {"x":"100", "y" : "100"},"pos": {"x":"100", "y":"100"}, "data": {}}, {"dispNum": "2", "time": "28", "opacity": "1", "size": {"x":"100", "y" : "100"},"pos": {"x":"100", "y":"100"}, "data": {}}, {"dispNum": "2", "time": "29", "opacity": "1", "size": {"x":"100", "y" : "100"},"pos": {"x":"100", "y":"100"}, "data": {}}, {"dispNum": "2", "time": "30", "opacity": "0", "size": {"x":"100", "y" : "100"},"pos": {"x":"100", "y":"100"}, "data": {}}]}, {"name": "Track17", "providerId": "image", "assetUrl": "minionMoreBananas.png", "keyframes": [{"dispNum": "1", "time": "6", "opacity": "0", "size": {"x":"100", "y" : "100"},"pos": {"x":"100", "y":"100"}, "data": {}}, {"dispNum": "1", "time": "12", "opacity": "1", "size": {"x":"100", "y" : "100"},"pos": {"x":"100", "y":"100"}, "data": {}}, {"dispNum": "1", "time": "13", "opacity": "1", "size": {"x":"100", "y" : "100"},"pos": {"x":"100", "y":"100"}, "data": {}}, {"dispNum": "1", "time": "14", "opacity": "0", "size": {"x":"100", "y" : "100"},"pos": {"x":"100", "y":"100"}, "data": {}}, {"dispNum": "2", "time": "23", "opacity": "0", "size": {"x":"100", "y" : "100"},"pos": {"x":"100", "y":"100"}, "data": {}}, {"dispNum": "2", "time": "26", "opacity": "1", "size": {"x":"100", "y" : "100"},"pos": {"x":"100", "y":"100"}, "data": {}}, {"dispNum": "2", "time": "27", "opacity": "1", "size": {"x":"100", "y" : "100"},"pos": {"x":"100", "y":"100"}, "data": {}}, {"dispNum": "2", "time": "28", "opacity": "0", "size": {"x":"100", "y" : "100"},"pos": {"x":"100", "y":"100"}, "data": {}}]}, {"name": "Track18", "providerId": "image", "assetUrl": "minionThinking.png", "keyframes": [{"dispNum": "1", "time": "10", "opacity": "0", "size": {"x":"100", "y" : "100"},"pos": {"x":"100", "y":"100"}, "data": {}}, {"dispNum": "1", "time": "12", "opacity": "1", "size": {"x":"100", "y" : "100"},"pos": {"x":"100", "y":"100"}, "data": {}}, {"dispNum": "1", "time": "13", "opacity": "1", "size": {"x":"100", "y" : "100"},"pos": {"x":"100", "y":"100"}, "data": {}}, {"dispNum": "1", "time": "14", "opacity": "0", "size": {"x":"100", "y" : "100"},"pos": {"x":"100", "y":"100"}, "data": {}}, {"dispNum": "2", "time": "25", "opacity": "0", "size": {"x":"100", "y" : "100"},"pos": {"x":"100", "y":"100"}, "data": {}}, {"dispNum": "2", "time": "26", "opacity": "1", "size": {"x":"100", "y" : "100"},"pos": {"x":"100", "y":"100"}, "data": {}}, {"dispNum": "2", "time": "27", "opacity": "1", "size": {"x":"100", "y" : "100"},"pos": {"x":"100", "y":"100"}, "data": {}}, {"dispNum": "2", "time": "28", "opacity": "0", "size": {"x":"100", "y" : "100"},"pos": {"x":"100", "y":"100"}, "data": {}}]}, {"name": "Track19", "providerId": "image", "assetUrl": "minionWriting.png", "keyframes": [{"dispNum": "1", "time": "16", "opacity": "0", "size": {"x":"100", "y" : "100"},"pos": {"x":"100", "y":"100"}, "data": {}}, {"dispNum": "1", "time": "23", "opacity": "1", "size": {"x":"100", "y" : "100"},"pos": {"x":"100", "y":"100"}, "data": {}}, {"dispNum": "1", "time": "25", "opacity": "1", "size": {"x":"100", "y" : "100"},"pos": {"x":"100", "y":"100"}, "data": {}}, {"dispNum": "1", "time": "27", "opacity": "0", "size": {"x":"100", "y" : "100"},"pos": {"x":"100", "y":"100"}, "data": {}}]}, {"name": "Track20", "providerId": "image", "assetUrl": "minionBananas.png", "keyframes": [{"dispNum": "1", "time": "27", "opacity": "0", "size": {"x":"100", "y" : "100"},"pos": {"x":"100", "y":"100"}, "data": {}}, {"dispNum": "1", "time": "28", "opacity": "1", "size": {"x":"100", "y" : "100"},"pos": {"x":"100", "y":"100"}, "data": {}}, {"dispNum": "1", "time": "29", "opacity": "1", "size": {"x":"100", "y" : "100"},"pos": {"x":"100", "y":"100"}, "data": {}}, {"dispNum": "1", "time": "30", "opacity": "0", "size": {"x":"100", "y" : "100"},"pos": {"x":"100", "y":"100"}, "data": {}}]}, {"name": "Track21", "providerId": "image", "assetUrl": "minionHole.png", "keyframes": [{"dispNum": "1", "time": "18", "opacity": "0", "size": {"x":"100", "y" : "100"},"pos": {"x":"100", "y":"100"}, "data": {}}, {"dispNum": "1", "time": "19", "opacity": "1", "size": {"x":"100", "y" : "100"},"pos": {"x":"100", "y":"100"}, "data": {}}, {"dispNum": "1", "time": "20", "opacity": "1", "size": {"x":"100", "y" : "100"},"pos": {"x":"100", "y":"100"}, "data": {}}, {"dispNum": "1", "time": "21", "opacity": "0", "size": {"x":"100", "y" : "100"},"pos": {"x":"100", "y":"100"}, "data": {}}, {"dispNum": "2", "time": "27", "opacity": "0", "size": {"x":"100", "y" : "100"},"pos": {"x":"100", "y":"100"}, "data": {}}, {"dispNum": "2", "time": "28", "opacity": "1", "size": {"x":"100", "y" : "100"},"pos": {"x":"100", "y":"100"}, "data": {}}, {"dispNum": "2", "time": "29", "opacity": "1", "size": {"x":"100", "y" : "100"},"pos": {"x":"100", "y":"100"}, "data": {}}, {"dispNum": "2", "time": "30", "opacity": "0", "size": {"x":"100", "y" : "100"},"pos": {"x":"100", "y":"100"}, "data": {}}]}, {"name": "Track22", "providerId": "image", "assetUrl": "minionMoreBananas.png", "keyframes": [{"dispNum": "1", "time": "6", "opacity": "0", "size": {"x":"100", "y" : "100"},"pos": {"x":"100", "y":"100"}, "data": {}}, {"dispNum": "1", "time": "24", "opacity": "1", "size": {"x":"100", "y" : "100"},"pos": {"x":"100", "y":"100"}, "data": {}}, {"dispNum": "1", "time": "26", "opacity": "1", "size": {"x":"100", "y" : "100"},"pos": {"x":"100", "y":"100"}, "data": {}}, {"dispNum": "1", "time": "27", "opacity": "0", "size": {"x":"100", "y" : "100"},"pos": {"x":"100", "y":"100"}, "data": {}}]}, {"name": "Track23", "providerId": "image", "assetUrl": "minionThinking.png", "keyframes": [{"dispNum": "1", "time": "10", "opacity": "0", "size": {"x":"100", "y" : "100"},"pos": {"x":"100", "y":"100"}, "data": {}}, {"dispNum": "1", "time": "18", "opacity": "1", "size": {"x":"100", "y" : "100"},"pos": {"x":"100", "y":"100"}, "data": {}}, {"dispNum": "1", "time": "19", "opacity": "1", "size": {"x":"100", "y" : "100"},"pos": {"x":"100", "y":"100"}, "data": {}}, {"dispNum": "1", "time": "20", "opacity": "0", "size": {"x":"100", "y" : "100"},"pos": {"x":"100", "y":"100"}, "data": {}}, {"dispNum": "2", "time": "25", "opacity": "0", "size": {"x":"100", "y" : "100"},"pos": {"x":"100", "y":"100"}, "data": {}}, {"dispNum": "2", "time": "27", "opacity": "1", "size": {"x":"100", "y" : "100"},"pos": {"x":"100", "y":"100"}, "data": {}}, {"dispNum": "2", "time": "29", "opacity": "1", "size": {"x":"100", "y" : "100"},"pos": {"x":"100", "y":"100"}, "data": {}}, {"dispNum": "2", "time": "30", "opacity": "0", "size": {"x":"100", "y" : "100"},"pos": {"x":"100", "y":"100"}, "data": {}}]}, {"name": "Track24", "providerId": "image", "assetUrl": "minionWriting.png", "keyframes": [{"dispNum": "1", "time": "20", "opacity": "0", "size": {"x":"100", "y" : "100"},"pos": {"x":"100", "y":"100"}, "data": {}}, {"dispNum": "1", "time": "21", "opacity": "1", "size": {"x":"100", "y" : "100"},"pos": {"x":"100", "y":"100"}, "data": {}}, {"dispNum": "1", "time": "23", "opacity": "1", "size": {"x":"100", "y" : "100"},"pos": {"x":"100", "y":"100"}, "data": {}}, {"dispNum": "1", "time": "24", "opacity": "0", "size": {"x":"100", "y" : "100"},"pos": {"x":"100", "y":"100"}, "data": {}}, {"dispNum": "2", "time": "26", "opacity": "0", "size": {"x":"100", "y" : "100"},"pos": {"x":"100", "y":"100"}, "data": {}}, {"dispNum": "2", "time": "27", "opacity": "1", "size": {"x":"100", "y" : "100"},"pos": {"x":"100", "y":"100"}, "data": {}}, {"dispNum": "2", "time": "28", "opacity": "1", "size": {"x":"100", "y" : "100"},"pos": {"x":"100", "y":"100"}, "data": {}}, {"dispNum": "2", "time": "29", "opacity": "0", "size": {"x":"100", "y" : "100"},"pos": {"x":"100", "y":"100"}, "data": {}}]}, {"name": "Track25", "providerId": "image", "assetUrl": "minionBananas.png", "keyframes": [{"dispNum": "1", "time": "18", "opacity": "0", "size": {"x":"100", "y" : "100"},"pos": {"x":"100", "y":"100"}, "data": {}}, {"dispNum": "1", "time": "20", "opacity": "1", "size": {"x":"100", "y" : "100"},"pos": {"x":"100", "y":"100"}, "data": {}}, {"dispNum": "1", "time": "21", "opacity": "1", "size": {"x":"100", "y" : "100"},"pos": {"x":"100", "y":"100"}, "data": {}}, {"dispNum": "1", "time": "22", "opacity": "0", "size": {"x":"100", "y" : "100"},"pos": {"x":"100", "y":"100"}, "data": {}}, {"dispNum": "2", "time": "27", "opacity": "0", "size": {"x":"100", "y" : "100"},"pos": {"x":"100", "y":"100"}, "data": {}}, {"dispNum": "2", "time": "28", "opacity": "1", "size": {"x":"100", "y" : "100"},"pos": {"x":"100", "y":"100"}, "data": {}}, {"dispNum": "2", "time": "29", "opacity": "1", "size": {"x":"100", "y" : "100"},"pos": {"x":"100", "y":"100"}, "data": {}}, {"dispNum": "2", "time": "30", "opacity": "0", "size": {"x":"100", "y" : "100"},"pos": {"x":"100", "y":"100"}, "data": {}}]}, {"name": "Track26", "providerId": "image", "assetUrl": "minionHole.png", "keyframes": [{"dispNum": "1", "time": "16", "opacity": "0", "size": {"x":"100", "y" : "100"},"pos": {"x":"100", "y":"100"}, "data": {}}, {"dispNum": "1", "time": "21", "opacity": "1", "size": {"x":"100", "y" : "100"},"pos": {"x":"100", "y":"100"}, "data": {}}, {"dispNum": "1", "time": "22", "opacity": "1", "size": {"x":"100", "y" : "100"},"pos": {"x":"100", "y":"100"}, "data": {}}, {"dispNum": "1", "time": "23", "opacity": "0", "size": {"x":"100", "y" : "100"},"pos": {"x":"100", "y":"100"}, "data": {}}, {"dispNum": "2", "time": "26", "opacity": "0", "size": {"x":"100", "y" : "100"},"pos": {"x":"100", "y":"100"}, "data": {}}, {"dispNum": "2", "time": "27", "opacity": "1", "size": {"x":"100", "y" : "100"},"pos": {"x":"100", "y":"100"}, "data": {}}, {"dispNum": "2", "time": "28", "opacity": "1", "size": {"x":"100", "y" : "100"},"pos": {"x":"100", "y":"100"}, "data": {}}, {"dispNum": "2", "time": "29", "opacity": "0", "size": {"x":"100", "y" : "100"},"pos": {"x":"100", "y":"100"}, "data": {}}]}, {"name": "Track27", "providerId": "image", "assetUrl": "minionMoreBananas.png", "keyframes": [{"dispNum": "1", "time": "7", "opacity": "0", "size": {"x":"100", "y" : "100"},"pos": {"x":"100", "y":"100"}, "data": {}}, {"dispNum": "1", "time": "11", "opacity": "1", "size": {"x":"100", "y" : "100"},"pos": {"x":"100", "y":"100"}, "data": {}}, {"dispNum": "1", "time": "15", "opacity": "1", "size": {"x":"32", "y" : "63"},"pos": {"x":"80", "y":"39"}, "data": {}}, {"dispNum": "1", "time": "16", "opacity": "1", "size": {"x":"38", "y" : "32"},"pos": {"x":"48", "y":"60"}, "data": {}}, {"dispNum": "1", "time": "17", "opacity": "1", "size": {"x":"38", "y" : "32"},"pos": {"x":"48", "y":"60"}, "data": {}}, {"dispNum": "1", "time": "21", "opacity": "0", "size": {"x":"38", "y" : "32"},"pos": {"x":"48", "y":"60"}, "data": {}}, {"dispNum": "2", "time": "27", "opacity": "0", "size": {"x":"100", "y" : "100"},"pos": {"x":"100", "y":"100"}, "data": {}}, {"dispNum": "2", "time": "28", "opacity": "1", "size": {"x":"100", "y" : "100"},"pos": {"x":"100", "y":"100"}, "data": {}}, {"dispNum": "2", "time": "29", "opacity": "1", "size": {"x":"100", "y" : "100"},"pos": {"x":"100", "y":"100"}, "data": {}}, {"dispNum": "2", "time": "30", "opacity": "0", "size": {"x":"100", "y" : "100"},"pos": {"x":"100", "y":"100"}, "data": {}}]}, {"name": "Track28", "providerId": "image", "assetUrl": "minionThinking.png", "keyframes": [{"dispNum": "1", "time": "21", "opacity": "0", "size": {"x":"100", "y" : "100"},"pos": {"x":"100", "y":"100"}, "data": {}}, {"dispNum": "1", "time": "22", "opacity": "1", "size": {"x":"100", "y" : "100"},"pos": {"x":"100", "y":"100"}, "data": {}}, {"dispNum": "1", "time": "23", "opacity": "1", "size": {"x":"100", "y" : "100"},"pos": {"x":"100", "y":"100"}, "data": {}}, {"dispNum": "1", "time": "24", "opacity": "0", "size": {"x":"100", "y" : "100"},"pos": {"x":"100", "y":"100"}, "data": {}}, {"dispNum": "2", "time": "25", "opacity": "0", "size": {"x":"100", "y" : "100"},"pos": {"x":"100", "y":"100"}, "data": {}}, {"dispNum": "2", "time": "26", "opacity": "1", "size": {"x":"100", "y" : "100"},"pos": {"x":"100", "y":"100"}, "data": {}}, {"dispNum": "2", "time": "27", "opacity": "1", "size": {"x":"100", "y" : "100"},"pos": {"x":"100", "y":"100"}, "data": {}}, {"dispNum": "2", "time": "30", "opacity": "0", "size": {"x":"100", "y" : "100"},"pos": {"x":"100", "y":"100"}, "data": {}}]}, {"name": "Track29", "providerId": "image", "assetUrl": "minionWriting.png", "keyframes": [{"dispNum": "1", "time": "15", "opacity": "0", "size": {"x":"100", "y" : "100"},"pos": {"x":"100", "y":"100"}, "data": {}}, {"dispNum": "1", "time": "27", "opacity": "1", "size": {"x":"100", "y" : "100"},"pos": {"x":"100", "y":"100"}, "data": {}}, {"dispNum": "1", "time": "28", "opacity": "1", "size": {"x":"100", "y" : "100"},"pos": {"x":"100", "y":"100"}, "data": {}}, {"dispNum": "1", "time": "29", "opacity": "0", "size": {"x":"100", "y" : "100"},"pos": {"x":"100", "y":"100"}, "data": {}}]}, {"name": "Track30", "providerId": "image", "assetUrl": "minionBananas.png", "keyframes": [{"dispNum": "1", "time": "4", "opacity": "0", "size": {"x":"100", "y" : "100"},"pos": {"x":"100", "y":"100"}, "data": {}}, {"dispNum": "1", "time": "6", "opacity": "1", "size": {"x":"100", "y" : "100"},"pos": {"x":"100", "y":"100"}, "data": {}}, {"dispNum": "1", "time": "8", "opacity": "1", "size": {"x":"100", "y" : "100"},"pos": {"x":"100", "y":"100"}, "data": {}}, {"dispNum": "1", "time": "9", "opacity": "0", "size": {"x":"100", "y" : "100"},"pos": {"x":"100", "y":"100"}, "data": {}}, {"dispNum": "2", "time": "27", "opacity": "0", "size": {"x":"100", "y" : "100"},"pos": {"x":"100", "y":"100"}, "data": {}}, {"dispNum": "2", "time": "28", "opacity": "1", "size": {"x":"100", "y" : "100"},"pos": {"x":"100", "y":"100"}, "data": {}}, {"dispNum": "2", "time": "29", "opacity": "1", "size": {"x":"100", "y" : "100"},"pos": {"x":"100", "y":"100"}, "data": {}}, {"dispNum": "2", "time": "30", "opacity": "0", "size": {"x":"100", "y" : "100"},"pos": {"x":"100", "y":"100"}, "data": {}}]}, {"name": "Track31", "providerId": "image", "assetUrl": "minionHole.png", "keyframes": [{"dispNum": "1", "time": "25", "opacity": "0", "size": {"x":"100", "y" : "100"},"pos": {"x":"100", "y":"100"}, "data": {}}, {"dispNum": "1", "time": "26", "opacity": "1", "size": {"x":"100", "y" : "100"},"pos": {"x":"100", "y":"100"}, "data": {}}, {"dispNum": "1", "time": "27", "opacity": "1", "size": {"x":"100", "y" : "100"},"pos": {"x":"100", "y":"100"}, "data": {}}, {"dispNum": "1", "time": "28", "opacity": "0", "size": {"x":"100", "y" : "100"},"pos": {"x":"100", "y":"100"}, "data": {}}]}, {"name": "Track32", "providerId": "image", "assetUrl": "minionMoreBananas.png", "keyframes": [{"dispNum": "1", "time": "20", "opacity": "0", "size": {"x":"100", "y" : "100"},"pos": {"x":"100", "y":"100"}, "data": {}}, {"dispNum": "1", "time": "22", "opacity": "1", "size": {"x":"100", "y" : "100"},"pos": {"x":"100", "y":"100"}, "data": {}}, {"dispNum": "1", "time": "24", "opacity": "1", "size": {"x":"100", "y" : "100"},"pos": {"x":"100", "y":"100"}, "data": {}}, {"dispNum": "1", "time": "25", "opacity": "0", "size": {"x":"100", "y" : "100"},"pos": {"x":"100", "y":"100"}, "data": {}}, {"dispNum": "2", "time": "27", "opacity": "0", "size": {"x":"100", "y" : "100"},"pos": {"x":"100", "y":"100"}, "data": {}}, {"dispNum": "2", "time": "28", "opacity": "1", "size": {"x":"100", "y" : "100"},"pos": {"x":"100", "y":"100"}, "data": {}}, {"dispNum": "2", "time": "29", "opacity": "1", "size": {"x":"100", "y" : "100"},"pos": {"x":"100", "y":"100"}, "data": {}}, {"dispNum": "2", "time": "30", "opacity": "0", "size": {"x":"100", "y" : "100"},"pos": {"x":"100", "y":"100"}, "data": {}}]}, {"name": "Track33", "providerId": "image", "assetUrl": "minionThinking.png", "keyframes": [{"dispNum": "1", "time": "17", "opacity": "0", "size": {"x":"100", "y" : "100"},"pos": {"x":"100", "y":"100"}, "data": {}}, {"dispNum": "1", "time": "19", "opacity": "1", "size": {"x":"100", "y" : "100"},"pos": {"x":"100", "y":"100"}, "data": {}}, {"dispNum": "1", "time": "20", "opacity": "1", "size": {"x":"46", "y" : "86"},"pos": {"x":"64", "y":"36"}, "data": {}}, {"dispNum": "1", "time": "22", "opacity": "1", "size": {"x":"46", "y" : "86"},"pos": {"x":"64", "y":"36"}, "data": {}}, {"dispNum": "1", "time": "23", "opacity": "0", "size": {"x":"46", "y" : "86"},"pos": {"x":"64", "y":"36"}, "data": {}}]}, {"name": "Track34", "providerId": "image", "assetUrl": "minionWriting.png", "keyframes": [{"dispNum": "1", "time": "6", "opacity": "0", "size": {"x":"100", "y" : "100"},"pos": {"x":"100", "y":"100"}, "data": {}}, {"dispNum": "1", "time": "17", "opacity": "1", "size": {"x":"100", "y" : "100"},"pos": {"x":"100", "y":"100"}, "data": {}}, {"dispNum": "1", "time": "19", "opacity": "1", "size": {"x":"71", "y" : "70"},"pos": {"x":"80", "y":"81"}, "data": {}}, {"dispNum": "1", "time": "21", "opacity": "1", "size": {"x":"72", "y" : "79"},"pos": {"x":"76", "y":"92"}, "data": {}}, {"dispNum": "1", "time": "22", "opacity": "1", "size": {"x":"43", "y" : "75"},"pos": {"x":"40", "y":"86"}, "data": {}}, {"dispNum": "1", "time": "24", "opacity": "1", "size": {"x":"92", "y" : "59"},"pos": {"x":"90", "y":"98"}, "data": {}}, {"dispNum": "1", "time": "25", "opacity": "1", "size": {"x":"92", "y" : "59"},"pos": {"x":"90", "y":"98"}, "data": {}}, {"dispNum": "1", "time": "26", "opacity": "0", "size": {"x":"92", "y" : "59"},"pos": {"x":"90", "y":"98"}, "data": {}}, {"dispNum": "2", "time": "27", "opacity": "0", "size": {"x":"100", "y" : "100"},"pos": {"x":"100", "y":"100"}, "data": {}}, {"dispNum": "2", "time": "28", "opacity": "1", "size": {"x":"100", "y" : "100"},"pos": {"x":"100", "y":"100"}, "data": {}}, {"dispNum": "2", "time": "29", "opacity": "1", "size": {"x":"100", "y" : "100"},"pos": {"x":"100", "y":"100"}, "data": {}}, {"dispNum": "2", "time": "30", "opacity": "0", "size": {"x":"100", "y" : "100"},"pos": {"x":"100", "y":"100"}, "data": {}}]}, {"name": "Track35", "providerId": "image", "assetUrl": "minionBananas.png", "keyframes": [{"dispNum": "1", "time": "11", "opacity": "0", "size": {"x":"100", "y" : "100"},"pos": {"x":"100", "y":"100"}, "data": {}}, {"dispNum": "1", "time": "18", "opacity": "1", "size": {"x":"100", "y" : "100"},"pos": {"x":"100", "y":"100"}, "data": {}}, {"dispNum": "1", "time": "19", "opacity": "1", "size": {"x":"100", "y" : "100"},"pos": {"x":"100", "y":"100"}, "data": {}}, {"dispNum": "1", "time": "21", "opacity": "0", "size": {"x":"100", "y" : "100"},"pos": {"x":"100", "y":"100"}, "data": {}}, {"dispNum": "2", "time": "25", "opacity": "0", "size": {"x":"100", "y" : "100"},"pos": {"x":"100", "y":"100"}, "data": {}}, {"dispNum": "2", "time": "26", "opacity": "1", "size": {"x":"100", "y" : "100"},"pos": {"x":"100", "y":"100"}, "data": {}}, {"dispNum": "2", "time": "27", "opacity": "1", "size": {"x":"77", "y" : "60"},"pos": {"x":"33", "y":"56"}, "data": {}}, {"dispNum": "2", "time": "28", "opacity": "1", "size": {"x":"77", "y" : "60"},"pos": {"x":"33", "y":"56"}, "data": {}}, {"dispNum": "2", "time": "29", "opacity": "0", "size": {"x":"77", "y" : "60"},"pos": {"x":"33", "y":"56"}, "data": {}}]}, {"name": "Track36", "providerId": "image", "assetUrl": "minionHole.png", "keyframes": [{"dispNum": "1", "time": "23", "opacity": "0", "size": {"x":"100", "y" : "100"},"pos": {"x":"100", "y":"100"}, "data": {}}, {"dispNum": "1", "time": "28", "opacity": "1", "size": {"x":"100", "y" : "100"},"pos": {"x":"100", "y":"100"}, "data": {}}, {"dispNum": "1", "time": "29", "opacity": "1", "size": {"x":"100", "y" : "100"},"pos": {"x":"100", "y":"100"}, "data": {}}, {"dispNum": "1", "time": "30", "opacity": "0", "size": {"x":"100", "y" : "100"},"pos": {"x":"100", "y":"100"}, "data": {}}]}, {"name": "Track37", "providerId": "image", "assetUrl": "minionMoreBananas.png", "keyframes": [{"dispNum": "1", "time": "17", "opacity": "0", "size": {"x":"100", "y" : "100"},"pos": {"x":"100", "y":"100"}, "data": {}}, {"dispNum": "1", "time": "18", "opacity": "1", "size": {"x":"100", "y" : "100"},"pos": {"x":"100", "y":"100"}, "data": {}}, {"dispNum": "1", "time": "21", "opacity": "1", "size": {"x":"34", "y" : "84"},"pos": {"x":"62", "y":"66"}, "data": {}}, {"dispNum": "1", "time": "22", "opacity": "1", "size": {"x":"47", "y" : "76"},"pos": {"x":"83", "y":"91"}, "data": {}}, {"dispNum": "1", "time": "25", "opacity": "1", "size": {"x":"47", "y" : "76"},"pos": {"x":"83", "y":"91"}, "data": {}}, {"dispNum": "1", "time": "27", "opacity": "0", "size": {"x":"47", "y" : "76"},"pos": {"x":"83", "y":"91"}, "data": {}}]}, {"name": "Track38", "providerId": "image", "assetUrl": "minionThinking.png", "keyframes": [{"dispNum": "1", "time": "22", "opacity": "0", "size": {"x":"100", "y" : "100"},"pos": {"x":"100", "y":"100"}, "data": {}}, {"dispNum": "1", "time": "24", "opacity": "1", "size": {"x":"100", "y" : "100"},"pos": {"x":"100", "y":"100"}, "data": {}}, {"dispNum": "1", "time": "26", "opacity": "1", "size": {"x":"32", "y" : "57"},"pos": {"x":"67", "y":"97"}, "data": {}}, {"dispNum": "1", "time": "28", "opacity": "1", "size": {"x":"32", "y" : "57"},"pos": {"x":"67", "y":"97"}, "data": {}}, {"dispNum": "1", "time": "29", "opacity": "0", "size": {"x":"32", "y" : "57"},"pos": {"x":"67", "y":"97"}, "data": {}}]}, {"name": "Track39", "providerId": "image", "assetUrl": "minionWriting.png", "keyframes": [{"dispNum": "1", "time": "19", "opacity": "0", "size": {"x":"100", "y" : "100"},"pos": {"x":"100", "y":"100"}, "data": {}}, {"dispNum": "1", "time": "20", "opacity": "1", "size": {"x":"100", "y" : "100"},"pos": {"x":"100", "y":"100"}, "data": {}}, {"dispNum": "1", "time": "21", "opacity": "1", "size": {"x":"100", "y" : "100"},"pos": {"x":"100", "y":"100"}, "data": {}}, {"dispNum": "1", "time": "22", "opacity": "0", "size": {"x":"100", "y" : "100"},"pos": {"x":"100", "y":"100"}, "data": {}}, {"dispNum": "2", "time": "25", "opacity": "0", "size": {"x":"100", "y" : "100"},"pos": {"x":"100", "y":"100"}, "data": {}}, {"dispNum": "2", "time": "26", "opacity": "1", "size": {"x":"100", "y" : "100"},"pos": {"x":"100", "y":"100"}, "data": {}}, {"dispNum": "2", "time": "27", "opacity": "1", "size": {"x":"100", "y" : "100"},"pos": {"x":"100", "y":"100"}, "data": {}}, {"dispNum": "2", "time": "28", "opacity": "0", "size": {"x":"100", "y" : "100"},"pos": {"x":"100", "y":"100"}, "data": {}}]}, {"name": "Track40", "providerId": "image", "assetUrl": "minionBananas.png", "keyframes": [{"dispNum": "1", "time": "0", "opacity": "0", "size": {"x":"100", "y" : "100"},"pos": {"x":"100", "y":"100"}, "data": {}}, {"dispNum": "1", "time": "3", "opacity": "1", "size": {"x":"100", "y" : "100"},"pos": {"x":"100", "y":"100"}, "data": {}}, {"dispNum": "1", "time": "10", "opacity": "1", "size": {"x":"100", "y" : "100"},"pos": {"x":"100", "y":"100"}, "data": {}}, {"dispNum": "1", "time": "11", "opacity": "0", "size": {"x":"100", "y" : "100"},"pos": {"x":"100", "y":"100"}, "data": {}}, {"dispNum": "2", "time": "14", "opacity": "0", "size": {"x":"100", "y" : "100"},"pos": {"x":"100", "y":"100"}, "data": {}}, {"dispNum": "2", "time": "26", "opacity": "1", "size": {"x":"100", "y" : "100"},"pos": {"x":"100", "y":"100"}, "data": {}}, {"dispNum": "2", "time": "27", "opacity": "1", "size": {"x":"100", "y" : "100"},"pos": {"x":"100", "y":"100"}, "data": {}}, {"dispNum": "2", "time": "28", "opacity": "0", "size": {"x":"100", "y" : "100"},"pos": {"x":"100", "y":"100"}, "data": {}}]}, {"name": "Track41", "providerId": "image", "assetUrl": "minionHole.png", "keyframes": [{"dispNum": "1", "time": "25", "opacity": "0", "size": {"x":"100", "y" : "100"},"pos": {"x":"100", "y":"100"}, "data": {}}, {"dispNum": "1", "time": "26", "opacity": "1", "size": {"x":"100", "y" : "100"},"pos": {"x":"100", "y":"100"}, "data": {}}, {"dispNum": "1", "time": "29", "opacity": "1", "size": {"x":"100", "y" : "100"},"pos": {"x":"100", "y":"100"}, "data": {}}, {"dispNum": "1", "time": "30", "opacity": "0", "size": {"x":"100", "y" : "100"},"pos": {"x":"100", "y":"100"}, "data": {}}]}, {"name": "Track42", "providerId": "image", "assetUrl": "minionMoreBananas.png", "keyframes": [{"dispNum": "1", "time": "23", "opacity": "0", "size": {"x":"100", "y" : "100"},"pos": {"x":"100", "y":"100"}, "data": {}}, {"dispNum": "1", "time": "25", "opacity": "1", "size": {"x":"100", "y" : "100"},"pos": {"x":"100", "y":"100"}, "data": {}}, {"dispNum": "1", "time": "26", "opacity": "1", "size": {"x":"100", "y" : "100"},"pos": {"x":"100", "y":"100"}, "data": {}}, {"dispNum": "1", "time": "27", "opacity": "0", "size": {"x":"100", "y" : "100"},"pos": {"x":"100", "y":"100"}, "data": {}}]}, {"name": "Track43", "providerId": "image", "assetUrl": "minionThinking.png", "keyframes": [{"dispNum": "1", "time": "10", "opacity": "0", "size": {"x":"100", "y" : "100"},"pos": {"x":"100", "y":"100"}, "data": {}}, {"dispNum": "1", "time": "15", "opacity": "1", "size": {"x":"100", "y" : "100"},"pos": {"x":"100", "y":"100"}, "data": {}}, {"dispNum": "1", "time": "17", "opacity": "1", "size": {"x":"100", "y" : "100"},"pos": {"x":"100", "y":"100"}, "data": {}}, {"dispNum": "1", "time": "19", "opacity": "0", "size": {"x":"100", "y" : "100"},"pos": {"x":"100", "y":"100"}, "data": {}}, {"dispNum": "2", "time": "26", "opacity": "0", "size": {"x":"100", "y" : "100"},"pos": {"x":"100", "y":"100"}, "data": {}}, {"dispNum": "2", "time": "27", "opacity": "1", "size": {"x":"100", "y" : "100"},"pos": {"x":"100", "y":"100"}, "data": {}}, {"dispNum": "2", "time": "28", "opacity": "1", "size": {"x":"100", "y" : "100"},"pos": {"x":"100", "y":"100"}, "data": {}}, {"dispNum": "2", "time": "29", "opacity": "0", "size": {"x":"100", "y" : "100"},"pos": {"x":"100", "y":"100"}, "data": {}}]}, {"name": "Track44", "providerId": "image", "assetUrl": "minionWriting.png", "keyframes": [{"dispNum": "1", "time": "19", "opacity": "0", "size": {"x":"100", "y" : "100"},"pos": {"x":"100", "y":"100"}, "data": {}}, {"dispNum": "1", "time": "21", "opacity": "1", "size": {"x":"100", "y" : "100"},"pos": {"x":"100", "y":"100"}, "data": {}}, {"dispNum": "1", "time": "23", "opacity": "1", "size": {"x":"100", "y" : "100"},"pos": {"x":"100", "y":"100"}, "data": {}}, {"dispNum": "1", "time": "24", "opacity": "0", "size": {"x":"100", "y" : "100"},"pos": {"x":"100", "y":"100"}, "data": {}}, {"dispNum": "2", "time": "27", "opacity": "0", "size": {"x":"100", "y" : "100"},"pos": {"x":"100", "y":"100"}, "data": {}}, {"dispNum": "2", "time": "28", "opacity": "1", "size": {"x":"100", "y" : "100"},"pos": {"x":"100", "y":"100"}, "data": {}}, {"dispNum": "2", "time": "29", "opacity": "1", "size": {"x":"100", "y" : "100"},"pos": {"x":"100", "y":"100"}, "data": {}}, {"dispNum": "2", "time": "30", "opacity": "0", "size": {"x":"100", "y" : "100"},"pos": {"x":"100", "y":"100"}, "data": {}}]}, {"name": "Track45", "providerId": "image", "assetUrl": "minionBananas.png", "keyframes": [{"dispNum": "1", "time": "18", "opacity": "0", "size": {"x":"100", "y" : "100"},"pos": {"x":"100", "y":"100"}, "data": {}}, {"dispNum": "1", "time": "20", "opacity": "1", "size": {"x":"100", "y" : "100"},"pos": {"x":"100", "y":"100"}, "data": {}}, {"dispNum": "1", "time": "21", "opacity": "1", "size": {"x":"100", "y" : "100"},"pos": {"x":"100", "y":"100"}, "data": {}}, {"dispNum": "1", "time": "22", "opacity": "0", "size": {"x":"100", "y" : "100"},"pos": {"x":"100", "y":"100"}, "data": {}}, {"dispNum": "2", "time": "25", "opacity": "0", "size": {"x":"100", "y" : "100"},"pos": {"x":"100", "y":"100"}, "data": {}}, {"dispNum": "2", "time": "26", "opacity": "1", "size": {"x":"100", "y" : "100"},"pos": {"x":"100", "y":"100"}, "data": {}}, {"dispNum": "2", "time": "27", "opacity": "1", "size": {"x":"100", "y" : "100"},"pos": {"x":"100", "y":"100"}, "data": {}}, {"dispNum": "2", "time": "28", "opacity": "0", "size": {"x":"100", "y" : "100"},"pos": {"x":"100", "y":"100"}, "data": {}}]}, {"name": "Track46", "providerId": "image", "assetUrl": "minionHole.png", "keyframes": [{"dispNum": "1", "time": "1", "opacity": "0", "size": {"x":"100", "y" : "100"},"pos": {"x":"100", "y":"100"}, "data": {}}, {"dispNum": "1", "time": "4", "opacity": "1", "size": {"x":"100", "y" : "100"},"pos": {"x":"100", "y":"100"}, "data": {}}, {"dispNum": "1", "time": "8", "opacity": "1", "size": {"x":"33", "y" : "74"},"pos": {"x":"87", "y":"68"}, "data": {}}, {"dispNum": "1", "time": "13", "opacity": "1", "size": {"x":"33", "y" : "74"},"pos": {"x":"87", "y":"68"}, "data": {}}, {"dispNum": "1", "time": "14", "opacity": "0", "size": {"x":"33", "y" : "74"},"pos": {"x":"87", "y":"68"}, "data": {}}, {"dispNum": "2", "time": "18", "opacity": "0", "size": {"x":"100", "y" : "100"},"pos": {"x":"100", "y":"100"}, "data": {}}, {"dispNum": "2", "time": "25", "opacity": "1", "size": {"x":"100", "y" : "100"},"pos": {"x":"100", "y":"100"}, "data": {}}, {"dispNum": "2", "time": "26", "opacity": "1", "size": {"x":"100", "y" : "100"},"pos": {"x":"100", "y":"100"}, "data": {}}, {"dispNum": "2", "time": "27", "opacity": "0", "size": {"x":"100", "y" : "100"},"pos": {"x":"100", "y":"100"}, "data": {}}]}, {"name": "Track47", "providerId": "image", "assetUrl": "minionMoreBananas.png", "keyframes": [{"dispNum": "1", "time": "17", "opacity": "0", "size": {"x":"100", "y" : "100"},"pos": {"x":"100", "y":"100"}, "data": {}}, {"dispNum": "1", "time": "20", "opacity": "1", "size": {"x":"100", "y" : "100"},"pos": {"x":"100", "y":"100"}, "data": {}}, {"dispNum": "1", "time": "24", "opacity": "1", "size": {"x":"70", "y" : "41"},"pos": {"x":"81", "y":"90"}, "data": {}}, {"dispNum": "1", "time": "26", "opacity": "1", "size": {"x":"64", "y" : "36"},"pos": {"x":"52", "y":"48"}, "data": {}}, {"dispNum": "1", "time": "27", "opacity": "1", "size": {"x":"64", "y" : "36"},"pos": {"x":"52", "y":"48"}, "data": {}}, {"dispNum": "1", "time": "29", "opacity": "0", "size": {"x":"64", "y" : "36"},"pos": {"x":"52", "y":"48"}, "data": {}}]}, {"name": "Track48", "providerId": "image", "assetUrl": "minionThinking.png", "keyframes": [{"dispNum": "1", "time": "18", "opacity": "0", "size": {"x":"100", "y" : "100"},"pos": {"x":"100", "y":"100"}, "data": {}}, {"dispNum": "1", "time": "27", "opacity": "1", "size": {"x":"100", "y" : "100"},"pos": {"x":"100", "y":"100"}, "data": {}}, {"dispNum": "1", "time": "28", "opacity": "1", "size": {"x":"100", "y" : "100"},"pos": {"x":"100", "y":"100"}, "data": {}}, {"dispNum": "1", "time": "29", "opacity": "0", "size": {"x":"100", "y" : "100"},"pos": {"x":"100", "y":"100"}, "data": {}}]}, {"name": "Track49", "providerId": "image", "assetUrl": "minionWriting.png", "keyframes": [{"dispNum": "1", "time": "11", "opacity": "0", "size": {"x":"100", "y" : "100"},"pos": {"x":"100", "y":"100"}, "data": {}}, {"dispNum": "1", "time": "13", "opacity": "1", "size": {"x":"100", "y" : "100"},"pos": {"x":"100", "y":"100"}, "data": {}}, {"dispNum": "1", "time": "15", "opacity": "1", "size": {"x":"100", "y" : "100"},"pos": {"x":"100", "y":"100"}, "data": {}}, {"dispNum": "1", "time": "17", "opacity": "0", "size": {"x":"100", "y" : "100"},"pos": {"x":"100", "y":"100"}, "data": {}}, {"dispNum": "2", "time": "21", "opacity": "0", "size": {"x":"100", "y" : "100"},"pos": {"x":"100", "y":"100"}, "data": {}}, {"dispNum": "2", "time": "27", "opacity": "1", "size": {"x":"100", "y" : "100"},"pos": {"x":"100", "y":"100"}, "data": {}}, {"dispNum": "2", "time": "28", "opacity": "1", "size": {"x":"84", "y" : "51"},"pos": {"x":"54", "y":"97"}, "data": {}}, {"dispNum": "2", "time": "29", "opacity": "1", "size": {"x":"84", "y" : "51"},"pos": {"x":"54", "y":"97"}, "data": {}}, {"dispNum": "2", "time": "30", "opacity": "0", "size": {"x":"84", "y" : "51"},"pos": {"x":"54", "y":"97"}, "data": {}}]}, {"name": "Track50", "providerId": "image", "assetUrl": "minionBananas.png", "keyframes": [{"dispNum": "1", "time": "25", "opacity": "0", "size": {"x":"100", "y" : "100"},"pos": {"x":"100", "y":"100"}, "data": {}}, {"dispNum": "1", "time": "28", "opacity": "1", "size": {"x":"100", "y" : "100"},"pos": {"x":"100", "y":"100"}, "data": {}}, {"dispNum": "1", "time": "29", "opacity": "1", "size": {"x":"100", "y" : "100"},"pos": {"x":"100", "y":"100"}, "data": {}}, {"dispNum": "1", "time": "30", "opacity": "0", "size": {"x":"100", "y" : "100"},"pos": {"x":"100", "y":"100"}, "data": {}}]}, {"name": "Track51", "providerId": "image", "assetUrl": "minionHole.png", "keyframes": [{"dispNum": "1", "time": "11", "opacity": "0", "size": {"x":"100", "y" : "100"},"pos": {"x":"100", "y":"100"}, "data": {}}, {"dispNum": "1", "time": "14", "opacity": "1", "size": {"x":"100", "y" : "100"},"pos": {"x":"100", "y":"100"}, "data": {}}, {"dispNum": "1", "time": "18", "opacity": "1", "size": {"x":"50", "y" : "75"},"pos": {"x":"92", "y":"43"}, "data": {}}, {"dispNum": "1", "time": "23", "opacity": "1", "size": {"x":"50", "y" : "75"},"pos": {"x":"92", "y":"43"}, "data": {}}, {"dispNum": "1", "time": "26", "opacity": "0", "size": {"x":"50", "y" : "75"},"pos": {"x":"92", "y":"43"}, "data": {}}]}, {"name": "Track52", "providerId": "image", "assetUrl": "minionMoreBananas.png", "keyframes": [{"dispNum": "1", "time": "12", "opacity": "0", "size": {"x":"100", "y" : "100"},"pos": {"x":"100", "y":"100"}, "data": {}}, {"dispNum": "1", "time": "16", "opacity": "1", "size": {"x":"100", "y" : "100"},"pos": {"x":"100", "y":"100"}, "data": {}}, {"dispNum": "1", "time": "19", "opacity": "1", "size": {"x":"47", "y" : "50"},"pos": {"x":"73", "y":"59"}, "data": {}}, {"dispNum": "1", "time": "21", "opacity": "1", "size": {"x":"51", "y" : "94"},"pos": {"x":"82", "y":"55"}, "data": {}}, {"dispNum": "1", "time": "22", "opacity": "1", "size": {"x":"51", "y" : "94"},"pos": {"x":"82", "y":"55"}, "data": {}}, {"dispNum": "1", "time": "23", "opacity": "0", "size": {"x":"51", "y" : "94"},"pos": {"x":"82", "y":"55"}, "data": {}}, {"dispNum": "2", "time": "26", "opacity": "0", "size": {"x":"100", "y" : "100"},"pos": {"x":"100", "y":"100"}, "data": {}}, {"dispNum": "2", "time": "27", "opacity": "1", "size": {"x":"100", "y" : "100"},"pos": {"x":"100", "y":"100"}, "data": {}}, {"dispNum": "2", "time": "28", "opacity": "1", "size": {"x":"100", "y" : "100"},"pos": {"x":"100", "y":"100"}, "data": {}}, {"dispNum": "2", "time": "29", "opacity": "0", "size": {"x":"100", "y" : "100"},"pos": {"x":"100", "y":"100"}, "data": {}}]}, {"name": "Track53", "providerId": "image", "assetUrl": "minionThinking.png", "keyframes": [{"dispNum": "1", "time": "13", "opacity": "0", "size": {"x":"100", "y" : "100"},"pos": {"x":"100", "y":"100"}, "data": {}}, {"dispNum": "1", "time": "15", "opacity": "1", "size": {"x":"100", "y" : "100"},"pos": {"x":"100", "y":"100"}, "data": {}}, {"dispNum": "1", "time": "16", "opacity": "1", "size": {"x":"100", "y" : "100"},"pos": {"x":"100", "y":"100"}, "data": {}}, {"dispNum": "1", "time": "18", "opacity": "0", "size": {"x":"100", "y" : "100"},"pos": {"x":"100", "y":"100"}, "data": {}}]}, {"name": "Track54", "providerId": "image", "assetUrl": "minionWriting.png", "keyframes": [{"dispNum": "1", "time": "18", "opacity": "0", "size": {"x":"100", "y" : "100"},"pos": {"x":"100", "y":"100"}, "data": {}}, {"dispNum": "1", "time": "21", "opacity": "1", "size": {"x":"100", "y" : "100"},"pos": {"x":"100", "y":"100"}, "data": {}}, {"dispNum": "1", "time": "26", "opacity": "1", "size": {"x":"100", "y" : "100"},"pos": {"x":"100", "y":"100"}, "data": {}}, {"dispNum": "1", "time": "27", "opacity": "0", "size": {"x":"100", "y" : "100"},"pos": {"x":"100", "y":"100"}, "data": {}}]}, {"name": "Track55", "providerId": "image", "assetUrl": "minionBananas.png", "keyframes": [{"dispNum": "1", "time": "4", "opacity": "0", "size": {"x":"100", "y" : "100"},"pos": {"x":"100", "y":"100"}, "data": {}}, {"dispNum": "1", "time": "17", "opacity": "1", "size": {"x":"100", "y" : "100"},"pos": {"x":"100", "y":"100"}, "data": {}}, {"dispNum": "1", "time": "23", "opacity": "1", "size": {"x":"77", "y" : "35"},"pos": {"x":"30", "y":"43"}, "data": {}}, {"dispNum": "1", "time": "24", "opacity": "1", "size": {"x":"77", "y" : "35"},"pos": {"x":"30", "y":"43"}, "data": {}}, {"dispNum": "1", "time": "26", "opacity": "0", "size": {"x":"77", "y" : "35"},"pos": {"x":"30", "y":"43"}, "data": {}}, {"dispNum": "2", "time": "27", "opacity": "0", "size": {"x":"100", "y" : "100"},"pos": {"x":"100", "y":"100"}, "data": {}}, {"dispNum": "2", "time": "28", "opacity": "1", "size": {"x":"100", "y" : "100"},"pos": {"x":"100", "y":"100"}, "data": {}}, {"dispNum": "2", "time": "29", "opacity": "1", "size": {"x":"100", "y" : "100"},"pos": {"x":"100", "y":"100"}, "data": {}}, {"dispNum": "2", "time": "30", "opacity": "0", "size": {"x":"100", "y" : "100"},"pos": {"x":"100", "y":"100"}, "data": {}}]}, {"name": "Track56", "providerId": "image", "assetUrl": "minionHole.png", "keyframes": [{"dispNum": "1", "time": "27", "opacity": "0", "size": {"x":"100", "y" : "100"},"pos": {"x":"100", "y":"100"}, "data": {}}, {"dispNum": "1", "time": "28", "opacity": "1", "size": {"x":"100", "y" : "100"},"pos": {"x":"100", "y":"100"}, "data": {}}, {"dispNum": "1", "time": "29", "opacity": "1", "size": {"x":"100", "y" : "100"},"pos": {"x":"100", "y":"100"}, "data": {}}, {"dispNum": "1", "time": "30", "opacity": "0", "size": {"x":"100", "y" : "100"},"pos": {"x":"100", "y":"100"}, "data": {}}]}, {"name": "Track57", "providerId": "image", "assetUrl": "minionMoreBananas.png", "keyframes": [{"dispNum": "1", "time": "23", "opacity": "0", "size": {"x":"100", "y" : "100"},"pos": {"x":"100", "y":"100"}, "data": {}}, {"dispNum": "1", "time": "25", "opacity": "1", "size": {"x":"100", "y" : "100"},"pos": {"x":"100", "y":"100"}, "data": {}}, {"dispNum": "1", "time": "26", "opacity": "1", "size": {"x":"100", "y" : "100"},"pos": {"x":"100", "y":"100"}, "data": {}}, {"dispNum": "1", "time": "27", "opacity": "0", "size": {"x":"100", "y" : "100"},"pos": {"x":"100", "y":"100"}, "data": {}}]}, {"name": "Track58", "providerId": "image", "assetUrl": "minionThinking.png", "keyframes": [{"dispNum": "1", "time": "8", "opacity": "0", "size": {"x":"100", "y" : "100"},"pos": {"x":"100", "y":"100"}, "data": {}}, {"dispNum": "1", "time": "23", "opacity": "1", "size": {"x":"100", "y" : "100"},"pos": {"x":"100", "y":"100"}, "data": {}}, {"dispNum": "1", "time": "26", "opacity": "1", "size": {"x":"52", "y" : "76"},"pos": {"x":"56", "y":"66"}, "data": {}}, {"dispNum": "1", "time": "27", "opacity": "1", "size": {"x":"83", "y" : "75"},"pos": {"x":"95", "y":"94"}, "data": {}}, {"dispNum": "1", "time": "28", "opacity": "1", "size": {"x":"83", "y" : "75"},"pos": {"x":"95", "y":"94"}, "data": {}}, {"dispNum": "1", "time": "29", "opacity": "0", "size": {"x":"83", "y" : "75"},"pos": {"x":"95", "y":"94"}, "data": {}}]}, {"name": "Track59", "providerId": "image", "assetUrl": "minionWriting.png", "keyframes": [{"dispNum": "1", "time": "12", "opacity": "0", "size": {"x":"100", "y" : "100"},"pos": {"x":"100", "y":"100"}, "data": {}}, {"dispNum": "1", "time": "15", "opacity": "1", "size": {"x":"100", "y" : "100"},"pos": {"x":"100", "y":"100"}, "data": {}}, {"dispNum": "1", "time": "16", "opacity": "1", "size": {"x":"63", "y" : "45"},"pos": {"x":"92", "y":"90"}, "data": {}}, {"dispNum": "1", "time": "17", "opacity": "1", "size": {"x":"63", "y" : "45"},"pos": {"x":"92", "y":"90"}, "data": {}}, {"dispNum": "1", "time": "18", "opacity": "0", "size": {"x":"63", "y" : "45"},"pos": {"x":"92", "y":"90"}, "data": {}}, {"dispNum": "2", "time": "25", "opacity": "0", "size": {"x":"100", "y" : "100"},"pos": {"x":"100", "y":"100"}, "data": {}}, {"dispNum": "2", "time": "26", "opacity": "1", "size": {"x":"100", "y" : "100"},"pos": {"x":"100", "y":"100"}, "data": {}}, {"dispNum": "2", "time": "27", "opacity": "1", "size": {"x":"100", "y" : "100"},"pos": {"x":"100", "y":"100"}, "data": {}}, {"dispNum": "2", "time": "29", "opacity": "0", "size": {"x":"100", "y" : "100"},"pos": {"x":"100", "y":"100"}, "data": {}}]}, {"name": "Track60", "providerId": "image", "assetUrl": "minionBananas.png", "keyframes": [{"dispNum": "1", "time": "10", "opacity": "0", "size": {"x":"100", "y" : "100"},"pos": {"x":"100", "y":"100"}, "data": {}}, {"dispNum": "1", "time": "15", "opacity": "1", "size": {"x":"100", "y" : "100"},"pos": {"x":"100", "y":"100"}, "data": {}}, {"dispNum": "1", "time": "16", "opacity": "1", "size": {"x":"69", "y" : "99"},"pos": {"x":"54", "y":"37"}, "data": {}}, {"dispNum": "1", "time": "21", "opacity": "1", "size": {"x":"69", "y" : "99"},"pos": {"x":"54", "y":"37"}, "data": {}}, {"dispNum": "1", "time": "22", "opacity": "0", "size": {"x":"69", "y" : "99"},"pos": {"x":"54", "y":"37"}, "data": {}}, {"dispNum": "2", "time": "25", "opacity": "0", "size": {"x":"100", "y" : "100"},"pos": {"x":"100", "y":"100"}, "data": {}}, {"dispNum": "2", "time": "26", "opacity": "1", "size": {"x":"100", "y" : "100"},"pos": {"x":"100", "y":"100"}, "data": {}}, {"dispNum": "2", "time": "27", "opacity": "1", "size": {"x":"100", "y" : "100"},"pos": {"x":"100", "y":"100"}, "data": {}}, {"dispNum": "2", "time": "28", "opacity": "0", "size": {"x":"100", "y" : "100"},"pos": {"x":"100", "y":"100"}, "data": {}}]}, {"name": "Track61", "providerId": "image", "assetUrl": "minionHole.png", "keyframes": [{"dispNum": "1", "time": "22", "opacity": "0", "size": {"x":"100", "y" : "100"},"pos": {"x":"100", "y":"100"}, "data": {}}, {"dispNum": "1", "time": "24", "opacity": "1", "size": {"x":"100", "y" : "100"},"pos": {"x":"100", "y":"100"}, "data": {}}, {"dispNum": "1", "time": "27", "opacity": "1", "size": {"x":"100", "y" : "100"},"pos": {"x":"100", "y":"100"}, "data": {}}, {"dispNum": "1", "time": "28", "opacity": "0", "size": {"x":"100", "y" : "100"},"pos": {"x":"100", "y":"100"}, "data": {}}]}, {"name": "Track62", "providerId": "image", "assetUrl": "minionMoreBananas.png", "keyframes": [{"dispNum": "1", "time": "14", "opacity": "0", "size": {"x":"100", "y" : "100"},"pos": {"x":"100", "y":"100"}, "data": {}}, {"dispNum": "1", "time": "21", "opacity": "1", "size": {"x":"100", "y" : "100"},"pos": {"x":"100", "y":"100"}, "data": {}}, {"dispNum": "1", "time": "22", "opacity": "1", "size": {"x":"71", "y" : "70"},"pos": {"x":"92", "y":"100"}, "data": {}}, {"dispNum": "1", "time": "23", "opacity": "1", "size": {"x":"71", "y" : "70"},"pos": {"x":"92", "y":"100"}, "data": {}}, {"dispNum": "1", "time": "25", "opacity": "0", "size": {"x":"71", "y" : "70"},"pos": {"x":"92", "y":"100"}, "data": {}}, {"dispNum": "2", "time": "27", "opacity": "0", "size": {"x":"100", "y" : "100"},"pos": {"x":"100", "y":"100"}, "data": {}}, {"dispNum": "2", "time": "28", "opacity": "1", "size": {"x":"100", "y" : "100"},"pos": {"x":"100", "y":"100"}, "data": {}}, {"dispNum": "2", "time": "29", "opacity": "1", "size": {"x":"100", "y" : "100"},"pos": {"x":"100", "y":"100"}, "data": {}}, {"dispNum": "2", "time": "30", "opacity": "0", "size": {"x":"100", "y" : "100"},"pos": {"x":"100", "y":"100"}, "data": {}}]}, {"name": "Track63", "providerId": "image", "assetUrl": "minionThinking.png", "keyframes": [{"dispNum": "1", "time": "14", "opacity": "0", "size": {"x":"100", "y" : "100"},"pos": {"x":"100", "y":"100"}, "data": {}}, {"dispNum": "1", "time": "17", "opacity": "1", "size": {"x":"100", "y" : "100"},"pos": {"x":"100", "y":"100"}, "data": {}}, {"dispNum": "1", "time": "21", "opacity": "1", "size": {"x":"100", "y" : "100"},"pos": {"x":"100", "y":"100"}, "data": {}}, {"dispNum": "1", "time": "22", "opacity": "0", "size": {"x":"100", "y" : "100"},"pos": {"x":"100", "y":"100"}, "data": {}}, {"dispNum": "2", "time": "24", "opacity": "0", "size": {"x":"100", "y" : "100"},"pos": {"x":"100", "y":"100"}, "data": {}}, {"dispNum": "2", "time": "25", "opacity": "1", "size": {"x":"100", "y" : "100"},"pos": {"x":"100", "y":"100"}, "data": {}}, {"dispNum": "2", "time": "27", "opacity": "1", "size": {"x":"100", "y" : "100"},"pos": {"x":"100", "y":"100"}, "data": {}}, {"dispNum": "2", "time": "28", "opacity": "0", "size": {"x":"100", "y" : "100"},"pos": {"x":"100", "y":"100"}, "data": {}}]}, {"name": "Track64", "providerId": "image", "assetUrl": "minionWriting.png", "keyframes": [{"dispNum": "1", "time": "22", "opacity": "0", "size": {"x":"100", "y" : "100"},"pos": {"x":"100", "y":"100"}, "data": {}}, {"dispNum": "1", "time": "23", "opacity": "1", "size": {"x":"100", "y" : "100"},"pos": {"x":"100", "y":"100"}, "data": {}}, {"dispNum": "1", "time": "25", "opacity": "1", "size": {"x":"97", "y" : "90"},"pos": {"x":"78", "y":"39"}, "data": {}}, {"dispNum": "1", "time": "26", "opacity": "1", "size": {"x":"47", "y" : "99"},"pos": {"x":"64", "y":"90"}, "data": {}}, {"dispNum": "1", "time": "29", "opacity": "1", "size": {"x":"47", "y" : "99"},"pos": {"x":"64", "y":"90"}, "data": {}}, {"dispNum": "1", "time": "30", "opacity": "0", "size": {"x":"47", "y" : "99"},"pos": {"x":"64", "y":"90"}, "data": {}}]}, {"name": "Track65", "providerId": "image", "assetUrl": "minionBananas.png", "keyframes": [{"dispNum": "1", "time": "17", "opacity": "0", "size": {"x":"100", "y" : "100"},"pos": {"x":"100", "y":"100"}, "data": {}}, {"dispNum": "1", "time": "22", "opacity": "1", "size": {"x":"100", "y" : "100"},"pos": {"x":"100", "y":"100"}, "data": {}}, {"dispNum": "1", "time": "23", "opacity": "1", "size": {"x":"37", "y" : "91"},"pos": {"x":"61", "y":"93"}, "data": {}}, {"dispNum": "1", "time": "24", "opacity": "1", "size": {"x":"37", "y" : "91"},"pos": {"x":"61", "y":"93"}, "data": {}}, {"dispNum": "1", "time": "25", "opacity": "0", "size": {"x":"37", "y" : "91"},"pos": {"x":"61", "y":"93"}, "data": {}}]}, {"name": "Track66", "providerId": "image", "assetUrl": "minionHole.png", "keyframes": [{"dispNum": "1", "time": "11", "opacity": "0", "size": {"x":"100", "y" : "100"},"pos": {"x":"100", "y":"100"}, "data": {}}, {"dispNum": "1", "time": "12", "opacity": "1", "size": {"x":"100", "y" : "100"},"pos": {"x":"100", "y":"100"}, "data": {}}, {"dispNum": "1", "time": "18", "opacity": "1", "size": {"x":"100", "y" : "100"},"pos": {"x":"100", "y":"100"}, "data": {}}, {"dispNum": "1", "time": "25", "opacity": "0", "size": {"x":"100", "y" : "100"},"pos": {"x":"100", "y":"100"}, "data": {}}, {"dispNum": "2", "time": "26", "opacity": "0", "size": {"x":"100", "y" : "100"},"pos": {"x":"100", "y":"100"}, "data": {}}, {"dispNum": "2", "time": "27", "opacity": "1", "size": {"x":"100", "y" : "100"},"pos": {"x":"100", "y":"100"}, "data": {}}, {"dispNum": "2", "time": "28", "opacity": "1", "size": {"x":"100", "y" : "100"},"pos": {"x":"100", "y":"100"}, "data": {}}, {"dispNum": "2", "time": "29", "opacity": "0", "size": {"x":"100", "y" : "100"},"pos": {"x":"100", "y":"100"}, "data": {}}]}, {"name": "Track67", "providerId": "image", "assetUrl": "minionMoreBananas.png", "keyframes": [{"dispNum": "1", "time": "8", "opacity": "0", "size": {"x":"100", "y" : "100"},"pos": {"x":"100", "y":"100"}, "data": {}}, {"dispNum": "1", "time": "13", "opacity": "1", "size": {"x":"100", "y" : "100"},"pos": {"x":"100", "y":"100"}, "data": {}}, {"dispNum": "1", "time": "15", "opacity": "1", "size": {"x":"100", "y" : "100"},"pos": {"x":"100", "y":"100"}, "data": {}}, {"dispNum": "1", "time": "17", "opacity": "0", "size": {"x":"100", "y" : "100"},"pos": {"x":"100", "y":"100"}, "data": {}}, {"dispNum": "2", "time": "19", "opacity": "0", "size": {"x":"100", "y" : "100"},"pos": {"x":"100", "y":"100"}, "data": {}}, {"dispNum": "2", "time": "21", "opacity": "1", "size": {"x":"100", "y" : "100"},"pos": {"x":"100", "y":"100"}, "data": {}}, {"dispNum": "2", "time": "22", "opacity": "1", "size": {"x":"99", "y" : "66"},"pos": {"x":"50", "y":"69"}, "data": {}}, {"dispNum": "2", "time": "23", "opacity": "1", "size": {"x":"90", "y" : "48"},"pos": {"x":"65", "y":"99"}, "data": {}}, {"dispNum": "2", "time": "27", "opacity": "1", "size": {"x":"90", "y" : "48"},"pos": {"x":"65", "y":"99"}, "data": {}}, {"dispNum": "2", "time": "30", "opacity": "0", "size": {"x":"90", "y" : "48"},"pos": {"x":"65", "y":"99"}, "data": {}}]}, {"name": "Track68", "providerId": "image", "assetUrl": "minionThinking.png", "keyframes": [{"dispNum": "1", "time": "25", "opacity": "0", "size": {"x":"100", "y" : "100"},"pos": {"x":"100", "y":"100"}, "data": {}}, {"dispNum": "1", "time": "26", "opacity": "1", "size": {"x":"100", "y" : "100"},"pos": {"x":"100", "y":"100"}, "data": {}}, {"dispNum": "1", "time": "27", "opacity": "1", "size": {"x":"100", "y" : "100"},"pos": {"x":"100", "y":"100"}, "data": {}}, {"dispNum": "1", "time": "28", "opacity": "0", "size": {"x":"100", "y" : "100"},"pos": {"x":"100", "y":"100"}, "data": {}}]}, {"name": "Track69", "providerId": "image", "assetUrl": "minionWriting.png", "keyframes": [{"dispNum": "1", "time": "7", "opacity": "0", "size": {"x":"100", "y" : "100"},"pos": {"x":"100", "y":"100"}, "data": {}}, {"dispNum": "1", "time": "11", "opacity": "1", "size": {"x":"100", "y" : "100"},"pos": {"x":"100", "y":"100"}, "data": {}}, {"dispNum": "1", "time": "15", "opacity": "1", "size": {"x":"97", "y" : "39"},"pos": {"x":"36", "y":"64"}, "data": {}}, {"dispNum": "1", "time": "17", "opacity": "1", "size": {"x":"95", "y" : "45"},"pos": {"x":"88", "y":"39"}, "data": {}}, {"dispNum": "1", "time": "18", "opacity": "1", "size": {"x":"100", "y" : "69"},"pos": {"x":"52", "y":"52"}, "data": {}}, {"dispNum": "1", "time": "19", "opacity": "1", "size": {"x":"100", "y" : "69"},"pos": {"x":"52", "y":"52"}, "data": {}}, {"dispNum": "1", "time": "21", "opacity": "0", "size": {"x":"100", "y" : "69"},"pos": {"x":"52", "y":"52"}, "data": {}}, {"dispNum": "2", "time": "25", "opacity": "0", "size": {"x":"100", "y" : "100"},"pos": {"x":"100", "y":"100"}, "data": {}}, {"dispNum": "2", "time": "26", "opacity": "1", "size": {"x":"100", "y" : "100"},"pos": {"x":"100", "y":"100"}, "data": {}}, {"dispNum": "2", "time": "27", "opacity": "1", "size": {"x":"49", "y" : "36"},"pos": {"x":"75", "y":"42"}, "data": {}}, {"dispNum": "2", "time": "28", "opacity": "1", "size": {"x":"49", "y" : "36"},"pos": {"x":"75", "y":"42"}, "data": {}}, {"dispNum": "2", "time": "29", "opacity": "0", "size": {"x":"49", "y" : "36"},"pos": {"x":"75", "y":"42"}, "data": {}}]}, {"name": "Track70", "providerId": "image", "assetUrl": "minionBananas.png", "keyframes": [{"dispNum": "1", "time": "6", "opacity": "0", "size": {"x":"100", "y" : "100"},"pos": {"x":"100", "y":"100"}, "data": {}}, {"dispNum": "1", "time": "7", "opacity": "1", "size": {"x":"100", "y" : "100"},"pos": {"x":"100", "y":"100"}, "data": {}}, {"dispNum": "1", "time": "9", "opacity": "1", "size": {"x":"100", "y" : "100"},"pos": {"x":"100", "y":"100"}, "data": {}}, {"dispNum": "1", "time": "10", "opacity": "0", "size": {"x":"100", "y" : "100"},"pos": {"x":"100", "y":"100"}, "data": {}}, {"dispNum": "2", "time": "11", "opacity": "0", "size": {"x":"100", "y" : "100"},"pos": {"x":"100", "y":"100"}, "data": {}}, {"dispNum": "2", "time": "13", "opacity": "1", "size": {"x":"100", "y" : "100"},"pos": {"x":"100", "y":"100"}, "data": {}}, {"dispNum": "2", "time": "14", "opacity": "1", "size": {"x":"89", "y" : "38"},"pos": {"x":"45", "y":"80"}, "data": {}}, {"dispNum": "2", "time": "17", "opacity": "1", "size": {"x":"89", "y" : "38"},"pos": {"x":"45", "y":"80"}, "data": {}}, {"dispNum": "2", "time": "18", "opacity": "0", "size": {"x":"89", "y" : "38"},"pos": {"x":"45", "y":"80"}, "data": {}}, {"dispNum": "3", "time": "19", "opacity": "0", "size": {"x":"100", "y" : "100"},"pos": {"x":"100", "y":"100"}, "data": {}}, {"dispNum": "3", "time": "23", "opacity": "1", "size": {"x":"100", "y" : "100"},"pos": {"x":"100", "y":"100"}, "data": {}}, {"dispNum": "3", "time": "24", "opacity": "1", "size": {"x":"81", "y" : "31"},"pos": {"x":"75", "y":"55"}, "data": {}}, {"dispNum": "3", "time": "25", "opacity": "1", "size": {"x":"81", "y" : "31"},"pos": {"x":"75", "y":"55"}, "data": {}}, {"dispNum": "3", "time": "26", "opacity": "0", "size": {"x":"81", "y" : "31"},"pos": {"x":"75", "y":"55"}, "data": {}}, {"dispNum": "4", "time": "27", "opacity": "0", "size": {"x":"100", "y" : "100"},"pos": {"x":"100", "y":"100"}, "data": {}}, {"dispNum": "4", "time": "28", "opacity": "1", "size": {"x":"100", "y" : "100"},"pos": {"x":"100", "y":"100"}, "data": {}}, {"dispNum": "4", "time": "29", "opacity": "1", "size": {"x":"100", "y" : "100"},"pos": {"x":"100", "y":"100"}, "data": {}}, {"dispNum": "4", "time": "30", "opacity": "0", "size": {"x":"100", "y" : "100"},"pos": {"x":"100", "y":"100"}, "data": {}}]}, {"name": "Track71", "providerId": "image", "assetUrl": "minionHole.png", "keyframes": [{"dispNum": "1", "time": "27", "opacity": "0", "size": {"x":"100", "y" : "100"},"pos": {"x":"100", "y":"100"}, "data": {}}, {"dispNum": "1", "time": "28", "opacity": "1", "size": {"x":"100", "y" : "100"},"pos": {"x":"100", "y":"100"}, "data": {}}, {"dispNum": "1", "time": "29", "opacity": "1", "size": {"x":"100", "y" : "100"},"pos": {"x":"100", "y":"100"}, "data": {}}, {"dispNum": "1", "time": "30", "opacity": "0", "size": {"x":"100", "y" : "100"},"pos": {"x":"100", "y":"100"}, "data": {}}]}, {"name": "Track72", "providerId": "image", "assetUrl": "minionMoreBananas.png", "keyframes": [{"dispNum": "1", "time": "19", "opacity": "0", "size": {"x":"100", "y" : "100"},"pos": {"x":"100", "y":"100"}, "data": {}}, {"dispNum": "1", "time": "21", "opacity": "1", "size": {"x":"100", "y" : "100"},"pos": {"x":"100", "y":"100"}, "data": {}}, {"dispNum": "1", "time": "26", "opacity": "1", "size": {"x":"100", "y" : "66"},"pos": {"x":"70", "y":"96"}, "data": {}}, {"dispNum": "1", "time": "28", "opacity": "1", "size": {"x":"100", "y" : "66"},"pos": {"x":"70", "y":"96"}, "data": {}}, {"dispNum": "1", "time": "29", "opacity": "0", "size": {"x":"100", "y" : "66"},"pos": {"x":"70", "y":"96"}, "data": {}}]}, {"name": "Track73", "providerId": "image", "assetUrl": "minionThinking.png", "keyframes": [{"dispNum": "1", "time": "12", "opacity": "0", "size": {"x":"100", "y" : "100"},"pos": {"x":"100", "y":"100"}, "data": {}}, {"dispNum": "1", "time": "15", "opacity": "1", "size": {"x":"100", "y" : "100"},"pos": {"x":"100", "y":"100"}, "data": {}}, {"dispNum": "1", "time": "16", "opacity": "1", "size": {"x":"100", "y" : "100"},"pos": {"x":"100", "y":"100"}, "data": {}}, {"dispNum": "1", "time": "17", "opacity": "0", "size": {"x":"100", "y" : "100"},"pos": {"x":"100", "y":"100"}, "data": {}}, {"dispNum": "2", "time": "20", "opacity": "0", "size": {"x":"100", "y" : "100"},"pos": {"x":"100", "y":"100"}, "data": {}}, {"dispNum": "2", "time": "21", "opacity": "1", "size": {"x":"100", "y" : "100"},"pos": {"x":"100", "y":"100"}, "data": {}}, {"dispNum": "2", "time": "23", "opacity": "1", "size": {"x":"60", "y" : "56"},"pos": {"x":"52", "y":"61"}, "data": {}}, {"dispNum": "2", "time": "24", "opacity": "1", "size": {"x":"60", "y" : "56"},"pos": {"x":"52", "y":"61"}, "data": {}}, {"dispNum": "2", "time": "25", "opacity": "0", "size": {"x":"60", "y" : "56"},"pos": {"x":"52", "y":"61"}, "data": {}}, {"dispNum": "3", "time": "27", "opacity": "0", "size": {"x":"100", "y" : "100"},"pos": {"x":"100", "y":"100"}, "data": {}}, {"dispNum": "3", "time": "28", "opacity": "1", "size": {"x":"100", "y" : "100"},"pos": {"x":"100", "y":"100"}, "data": {}}, {"dispNum": "3", "time": "29", "opacity": "1", "size": {"x":"100", "y" : "100"},"pos": {"x":"100", "y":"100"}, "data": {}}, {"dispNum": "3", "time": "30", "opacity": "0", "size": {"x":"100", "y" : "100"},"pos": {"x":"100", "y":"100"}, "data": {}}]}, {"name": "Track74", "providerId": "image", "assetUrl": "minionWriting.png", "keyframes": [{"dispNum": "1", "time": "24", "opacity": "0", "size": {"x":"100", "y" : "100"},"pos": {"x":"100", "y":"100"}, "data": {}}, {"dispNum": "1", "time": "25", "opacity": "1", "size": {"x":"100", "y" : "100"},"pos": {"x":"100", "y":"100"}, "data": {}}, {"dispNum": "1", "time": "26", "opacity": "1", "size": {"x":"100", "y" : "100"},"pos": {"x":"100", "y":"100"}, "data": {}}, {"dispNum": "1", "time": "27", "opacity": "0", "size": {"x":"100", "y" : "100"},"pos": {"x":"100", "y":"100"}, "data": {}}]}, {"name": "Track75", "providerId": "image", "assetUrl": "minionBananas.png", "keyframes": [{"dispNum": "1", "time": "13", "opacity": "0", "size": {"x":"100", "y" : "100"},"pos": {"x":"100", "y":"100"}, "data": {}}, {"dispNum": "1", "time": "15", "opacity": "1", "size": {"x":"100", "y" : "100"},"pos": {"x":"100", "y":"100"}, "data": {}}, {"dispNum": "1", "time": "16", "opacity": "1", "size": {"x":"100", "y" : "100"},"pos": {"x":"100", "y":"100"}, "data": {}}, {"dispNum": "1", "time": "17", "opacity": "0", "size": {"x":"100", "y" : "100"},"pos": {"x":"100", "y":"100"}, "data": {}}, {"dispNum": "2", "time": "20", "opacity": "0", "size": {"x":"100", "y" : "100"},"pos": {"x":"100", "y":"100"}, "data": {}}, {"dispNum": "2", "time": "26", "opacity": "1", "size": {"x":"100", "y" : "100"},"pos": {"x":"100", "y":"100"}, "data": {}}, {"dispNum": "2", "time": "27", "opacity": "1", "size": {"x":"100", "y" : "100"},"pos": {"x":"100", "y":"100"}, "data": {}}, {"dispNum": "2", "time": "28", "opacity": "0", "size": {"x":"100", "y" : "100"},"pos": {"x":"100", "y":"100"}, "data": {}}]}, {"name": "Track76", "providerId": "image", "assetUrl": "minionHole.png", "keyframes": [{"dispNum": "1", "time": "21", "opacity": "0", "size": {"x":"100", "y" : "100"},"pos": {"x":"100", "y":"100"}, "data": {}}, {"dispNum": "1", "time": "24", "opacity": "1", "size": {"x":"100", "y" : "100"},"pos": {"x":"100", "y":"100"}, "data": {}}, {"dispNum": "1", "time": "25", "opacity": "1", "size": {"x":"88", "y" : "74"},"pos": {"x":"89", "y":"50"}, "data": {}}, {"dispNum": "1", "time": "26", "opacity": "1", "size": {"x":"88", "y" : "74"},"pos": {"x":"89", "y":"50"}, "data": {}}, {"dispNum": "1", "time": "28", "opacity": "0", "size": {"x":"88", "y" : "74"},"pos": {"x":"89", "y":"50"}, "data": {}}]}, {"name": "Track77", "providerId": "image", "assetUrl": "minionMoreBananas.png", "keyframes": [{"dispNum": "1", "time": "10", "opacity": "0", "size": {"x":"100", "y" : "100"},"pos": {"x":"100", "y":"100"}, "data": {}}, {"dispNum": "1", "time": "17", "opacity": "1", "size": {"x":"100", "y" : "100"},"pos": {"x":"100", "y":"100"}, "data": {}}, {"dispNum": "1", "time": "20", "opacity": "1", "size": {"x":"100", "y" : "100"},"pos": {"x":"100", "y":"100"}, "data": {}}, {"dispNum": "1", "time": "21", "opacity": "0", "size": {"x":"100", "y" : "100"},"pos": {"x":"100", "y":"100"}, "data": {}}, {"dispNum": "2", "time": "25", "opacity": "0", "size": {"x":"100", "y" : "100"},"pos": {"x":"100", "y":"100"}, "data": {}}, {"dispNum": "2", "time": "26", "opacity": "1", "size": {"x":"100", "y" : "100"},"pos": {"x":"100", "y":"100"}, "data": {}}, {"dispNum": "2", "time": "27", "opacity": "1", "size": {"x":"100", "y" : "100"},"pos": {"x":"100", "y":"100"}, "data": {}}, {"dispNum": "2", "time": "28", "opacity": "0", "size": {"x":"100", "y" : "100"},"pos": {"x":"100", "y":"100"}, "data": {}}]}, {"name": "Track78", "providerId": "image", "assetUrl": "minionThinking.png", "keyframes": [{"dispNum": "1", "time": "5", "opacity": "0", "size": {"x":"100", "y" : "100"},"pos": {"x":"100", "y":"100"}, "data": {}}, {"dispNum": "1", "time": "12", "opacity": "1", "size": {"x":"100", "y" : "100"},"pos": {"x":"100", "y":"100"}, "data": {}}, {"dispNum": "1", "time": "15", "opacity": "1", "size": {"x":"100", "y" : "100"},"pos": {"x":"100", "y":"100"}, "data": {}}, {"dispNum": "1", "time": "16", "opacity": "0", "size": {"x":"100", "y" : "100"},"pos": {"x":"100", "y":"100"}, "data": {}}, {"dispNum": "2", "time": "23", "opacity": "0", "size": {"x":"100", "y" : "100"},"pos": {"x":"100", "y":"100"}, "data": {}}, {"dispNum": "2", "time": "24", "opacity": "1", "size": {"x":"100", "y" : "100"},"pos": {"x":"100", "y":"100"}, "data": {}}, {"dispNum": "2", "time": "25", "opacity": "1", "size": {"x":"67", "y" : "50"},"pos": {"x":"39", "y":"48"}, "data": {}}, {"dispNum": "2", "time": "26", "opacity": "1", "size": {"x":"67", "y" : "50"},"pos": {"x":"39", "y":"48"}, "data": {}}, {"dispNum": "2", "time": "27", "opacity": "0", "size": {"x":"67", "y" : "50"},"pos": {"x":"39", "y":"48"}, "data": {}}]}, {"name": "Track79", "providerId": "image", "assetUrl": "minionWriting.png", "keyframes": [{"dispNum": "1", "time": "21", "opacity": "0", "size": {"x":"100", "y" : "100"},"pos": {"x":"100", "y":"100"}, "data": {}}, {"dispNum": "1", "time": "25", "opacity": "1", "size": {"x":"100", "y" : "100"},"pos": {"x":"100", "y":"100"}, "data": {}}, {"dispNum": "1", "time": "26", "opacity": "1", "size": {"x":"100", "y" : "100"},"pos": {"x":"100", "y":"100"}, "data": {}}, {"dispNum": "1", "time": "27", "opacity": "0", "size": {"x":"100", "y" : "100"},"pos": {"x":"100", "y":"100"}, "data": {}}]}]}