{
    "tourTitle": "TempTour",
    "tracks": [
        {
            "name": "Track1",
            "providerId": "deepZoom",
            "assetUrl": "deepzoomsky/GeneratedImages/dzc_output.xml",
            "keyframes": [
                {
                    "dispNum": "1",
                    "time": "0",
                    "opacity": "1",
                    "scale":"1",
                    "pos": {
                        "x": "0.005",
                        "y": "0.005"
                    },
                    "data": {}
                },
                                {
                    "dispNum": "1",
                    "time": "1",
                    "opacity": "1",
                    "scale":"1",
                    "pos": {
                        "x": "0.005",
                        "y": "0.005"
                    },
                    "data": {}
                },
                {
                    "dispNum": "1",
                    "time": "3",
                    "opacity": "1",
                    "scale":"1",
                    "pos": {
                        "x": ".3",
                        "y": ".4"
                    },
                    "data": {}
                },
                {
                    "dispNum": "1",
                    "time": "7",
                    "opacity": "1",
                    "scale":".4",
                    "pos": {
                        "x": ".3",
                        "y": "0"
                    },
                    "data": {}
                },
                {
                    "dispNum": "1",
                    "time": "10",
                    "opacity": "0",
                    "scale":".4",
                    "pos": {
                        "x": ".3",
                        "y": "0"
                    },
                    "data": {}
                }
            ]
        },
               {
            "name": "Track0",
            "providerId": "image",
            "assetUrl": "minionThinking.png",
            "keyframes": [
                {
                    "dispNum": "1",
                    "time": "0",
                    "opacity": "1",
                    "size": {
                        "x": "20",
                        "y": "40"
                    },
                    "pos": {
                        "x": "50",
                        "y": "50"
                    },
                    "data": {}
                },
                {
                    "dispNum": "1",
                    "time": "2",
                    "opacity": "1",
                    "size": {
                        "x": "20",
                        "y": "40"
                    },
                    "pos": {
                        "x": "50",
                        "y": "50"
                    },
                    "data": {}
                },
                {
                    "dispNum": "1",
                    "time": "2.5",
                    "opacity": "1",
                    "size": {
                        "x": "30",
                        "y": "50"
                    },
                    "pos": {
                        "x": "0",
                        "y": "0"
                    },
                    "data": {}
                },
                {
                    "dispNum": "1",
                    "time": "3",
                    "opacity": "1",
                    "size": {
                        "x": "10",
                        "y": "20"
                    },
                    "pos": {
                        "x": "30",
                        "y": "10"
                    },
                    "data": {}
                },
                {
                    "dispNum": "1",
                    "time": "4",
                    "opacity": "1",
                    "size": {
                        "x": "100",
                        "y": "100"
                    },
                    "pos": {
                        "x": "50",
                        "y": "50"
                    },
                    "data": {}
                },
                {
                    "dispNum": "1",
                    "time": "5",
                    "opacity": "1",
                    "size": {
                        "x": "30",
                        "y": "50"
                    },
                    "pos": {
                        "x": "2",
                        "y": "10"
                    },
                    "data": {}
                },
                {
                    "dispNum": "1",
                    "time": "7",
                    "opacity": "1",
                    "size": {
                        "x": "100",
                        "y": "100"
                    },
                    "pos": {
                        "x": "2",
                        "y": "10"
                    },
                    "data": {}
                },
                {
                    "dispNum": "1",
                    "time": "9",
                    "opacity": "0",
                    "size": {
                        "x": "100",
                        "y": "100"
                    },
                    "pos": {
                        "x": "2",
                        "y": "10"
                    },
                    "data": {}
                }
            ]
        },
        {
            "name": "Track2",
            "providerId": "audio",
            "assetUrl": "Happy.mp3",
            "type" : "audio/mpeg",
            "keyframes": [
                {
                    "dispNum": "1",
                    "time": "0",
                    "volume": "1",
                    "data": {},
                    "audioOffset": "10"
                },
                {
                    "dispNum": "1",
                    "time": "10",
                    "volume": "1",
                    "data": {},
                    "audioOffset": "10"
                },
                {
                    "dispNum": "1",
                    "time": "20",
                    "volume": "1",
                    "data": {},
                    "audioOffset": "20"
                }
            ]
        },
        {
            "name": "track3",
            "providerId": "image",
            "assetUrl": "minionBananas.png",
            "keyframes": [
                {
                    "dispNum": "1",
                    "time": "0",
                    "opacity": "0",
                    "size": {
                        "x": "20",
                        "y": "40"
                    },
                    "pos": {
                        "x": "100",
                        "y": "100"
                    },
                    "data": {}
                },
                {
                    "dispNum": "1",
                    "time": "2",
                    "opacity": "1",
                    "size": {
                        "x": "20",
                        "y": "40"
                    },
                    "pos": {
                        "x": "100",
                        "y": "100"
                    },
                    "data": {}
                },
                {
                    "dispNum": "1",
                    "time": "4",
                    "opacity": "1",
                    "size": {
                        "x": "30",
                        "y": "50"
                    },
                    "pos": {
                        "x": "0",
                        "y": "0"
                    },
                    "data": {}
                },
                {
                    "dispNum": "1",
                    "time": "4.5",
                    "opacity": "1",
                    "size": {
                        "x": "10",
                        "y": "20"
                    },
                    "pos": {
                        "x": "30",
                        "y": "10"
                    },
                    "data": {}
                },
                {
                    "dispNum": "1",
                    "time": "6",
                    "opacity": "1",
                    "size": {
                        "x": "100",
                        "y": "100"
                    },
                    "pos": {
                        "x": "2",
                        "y": "10"
                    },
                    "data": {}
                },
                                {
                    "dispNum": "1",
                    "time": "8",
                    "opacity": "1",
                    "size": {
                        "x": "100",
                        "y": "100"
                    },
                    "pos": {
                        "x": "50",
                        "y": "50"
                    },
                    "data": {}
                },
                {
                    "dispNum": "1",
                    "time": "10",
                    "opacity": "1",
                    "size": {
                        "x": "30",
                        "y": "50"
                    },
                    "pos": {
                        "x": "2",
                        "y": "10"
                    },
                    "data": {}
                },
                {
                    "dispNum": "1",
                    "time": "15",
                    "opacity": "0",
                    "size": {
                        "x": "100",
                        "y": "100"
                    },
                    "pos": {
                        "x": "2",
                        "y": "10"
                    },
                    "data": {}
                }
            ]
        }
    ]
}